mads 2.1.7 build 21 (20 May 24)
    64 					opt l+
   118
   119 				.print 'ZPAGE: ',zpage,'..',zpend-1
   119 				ZPAGE: $0080..$00D3
   120
   121 				.print 'RTBUF: ',@buf,'..',@buf+255
   121 				RTBUF: $0400..$04FF
   122
   123 				.print 'RTLIB: ',RTLIB,'..',*-1
   123 				RTLIB: $20F2..$236C
   124
   125 				; ------------------------------------------------------------
   126
   127 236D			START
   128 236D BA				tsx
   129 236E 8E 71 33			stx MAIN.@halt+1
   130
   131 					.ifdef MAIN.@DEFINES.ROMOFF
   132 					icl 'atari\romoff.asm'
   133 					.fi
   134
   135 = 00AB			VLEN	= VARDATASIZE-VARINITSIZE
   136 = 33DE			VADR	= DATAORIGIN+VARINITSIZE
   137
   138 					ift (VADR > $BFFF) && .not(.def MAIN.@DEFINES.ROMOFF)
   139 					ert 'Invalid memory address range ',VADR
   140 					eif
   141
   142 					ift (VLEN > 0) && (VLEN <= 256)
   143 2371 A2 55			ldx #256-VLEN
   144 2373 A9 00			lda #$00
   145 2375 9D 89 33 E8 D0 FA		sta:rne VADR+VLEN-256,x+
   146 					eli VLEN>256
   147 					m@init
   148 					eif
   149
   150 				.ifdef psptr
   151 					mwa #PROGRAMSTACK psptr
   152 				.fi
   153
   154 237B A2 00			ldx #$00					; X = 0
   155 237D 86 80			stx bp						; BP = 0
   156
   157 237F 8E 08 D2			stx audctl					; reset POKEY
   158 2382 8E 18 D2			stx audctl+$10
   159 2385 A9 03			lda #3
   160 2387 8D 0F D2			sta skctl
   161 238A 8D 1F D2			sta skctl+$10
   162
   163 238D CA				dex						; X = 255
   164
   165 238E				UNITINITIALIZATION
Macro: UNITINITIALIZATION [Source: GeminiShooter.a65]
     3 238E 20 20 24			jsr MAIN.SYSTEM.@UnitInit
   166
   167 2391			.local	MAIN						; PROCEDURE
   168
   169 2391 4C D1 32			jmp l_00DE
   170
   171 				; ------------------------------------------------------------
   172
   173 2394			.local	SYSTEM						; UNIT
   174
   175 2394			.local	ABS						; FUNCTION | ASSEMBLER | OVERLOAD | REGISTER
   176 2394			.local	@010183000
   177 2394 85 88			sta X
   178
   179 				; -------------------  ASM Block 00000007  -------------------
   180
   181
   182 2396 A5 88			lda :edx
   183 2398 10 05			bpl @+
   184
   185 239A 49 FF			eor #$ff
   186 239C 18 69 01			add #1
   187 				@
   188 239F 85 90			sta Result
   189
   190 23A1			@exit
   191
   192 				; ------------------------------------------------------------
   193
   194 = 0088			X	= :EDX
   195 = 0090			RESULT	= :STACKORIGIN-4
   196
   197 23A1 60				rts						; ret
   198 				.endl
   199 				.endl							; overload
   200
   201 23A2			.local	STR						; PROCEDURE | ASSEMBLER | OVERLOAD
   202 23A2			.local	@02038986000000210182000
   203
   204 				; ------------------------------------------------------------
   205
   206 				; Generate Assignment for CARDINAL / INTEGER / REAL / SINGLE
   207 				; as Pointer
   208 23A2 B5 94			lda :STACKORIGIN,x
   209 23A4 8D C3 33			sta A
   210 23A7 B5 A4			lda :STACKORIGIN+STACKWIDTH,x
   211 23A9 8D C4 33			sta A+1
   212 23AC B5 B4			lda :STACKORIGIN+STACKWIDTH*2,x
   213 23AE 8D C5 33			sta A+2
   214 23B1 B5 C4			lda :STACKORIGIN+STACKWIDTH*3,x
   215 23B3 8D C6 33			sta A+3
   216 23B6 CA				dex
   217 23B7 30 0B			jmi @main
   218
   219 				; ------------------------------------------------------------
   220
   221 				; Generate Assignment for WORD / SMALLINT / SHORTREAL / POINTER
   222 				; as Pointer
   223 23B9 B5 94			lda :STACKORIGIN,x
   224 23BB 8D C7 33			sta S
   225 23BE B5 A4			lda :STACKORIGIN+STACKWIDTH,x
   226 23C0 8D C8 33			sta S+1
   227 23C3 CA				dex
   228 23C4			@main
   229
   230 				; -------------------  ASM Block 00000024  -------------------
   231
   232
   233 23C4 8A 48			txa:pha
   234
   235 23C6 E8				inx		; parameter A
   236 23C7 E8				inx		; parameter S
   237
   238 					@ValueToStr #@printCARD
   238 				 LDY> @PRINTCARD\ LDA< @PRINTCARD\ JSR @VALUETOSTR
   238 23C8 A0 22		 LDY> @PRINTCARD
   238 23CA A9 B9		 LDA< @PRINTCARD
   238 23CC 20 95 22		 JSR @VALUETOSTR
   239
   240 					@buf2str s	; !!! koniecznie przez wskaznik
   240 				 LDY S+1\ LDA S\ JSR @BUF2STR
   240 23CF AC C8 33		 LDY S+1
   240 23D2 AD C7 33		 LDA S
   240 23D5 20 BA 21		 JSR @BUF2STR
   241
   242 23D8 68 AA			pla:tax
   243
   244 				; ------------------------------------------------------------
   245
   246 = 33C3			A	= DATAORIGIN+$000B
   247 = 33C7			S	= DATAORIGIN+$000F
   248
   249 = 33C3			@VarData	= A
   250 = 0006			@VarDataSize	= 6
   251
   252 23DA			@exit
   253 					.ifdef @new
   254 					lda <@VarData
   255 					sta :ztmp
   256 					lda >@VarData
   257 					ldy #@VarDataSize-1
   258 					jmp @FreeMem
   259 					els
   260 23DA 60				rts						; ret
   261 					eif
   262 				.endl
   263 				.endl							; overload
   264
   265 23DB			.local	POKE						; PROCEDURE | ASSEMBLER | REGISTER
   266
   267 				; ------------------------------------------------------------
   268
   269 				; Generate Assignment for WORD / SMALLINT / SHORTREAL / POINTER
   270 				; as Pointer
   271 23DB B5 94			lda :STACKORIGIN,x
   272 23DD 85 88			sta A
   273 23DF B5 A4			lda :STACKORIGIN+STACKWIDTH,x
   274 23E1 85 89			sta A+1
   275 23E3 CA				dex
   276 23E4 30 05			jmi @main
   277
   278 				; ------------------------------------------------------------
   279
   280 				; Generate Assignment for BYTE / CHAR / SHORTINT / BOOLEAN
   281 				; as Pointer
   282 23E6 B5 94			lda :STACKORIGIN,x
   283 23E8 85 8C			sta VALUE
   284 23EA CA				dex
   285 23EB			@main
   286
   287 				; -------------------  ASM Block 00000025  -------------------
   288
   289
   290 23EB A0 00			ldy #0
   291 23ED A5 8C 91 88			mva value (:edx),y
   292
   293 				; ------------------------------------------------------------
   294
   295 = 0088			A	= :EDX
   296 = 008C			VALUE	= :ECX
   297
   298 23F1			@exit
   299 					.ifdef @new
   300 					lda <@VarData
   301 					sta :ztmp
   302 					lda >@VarData
   303 					ldy #@VarDataSize-1
   304 					jmp @FreeMem
   305 					els
   306 23F1 60				rts						; ret
   307 					eif
   308 				.endl
   309
   310 23F2			.local	FILLCHAR					; PROCEDURE | ASSEMBLER | OVERLOAD | REGISTER | INLINE
   311 23F2			.local	@03018000001810000188000
   312
   313 					.MACRO m@INLINE
   314 				
   315 				; -------------------  ASM Block 00000028  -------------------
   316 				
   317 				
   318 					jsr @fill
   319 				
   320 					.ENDM
   321
   322 				; ------------------------------------------------------------
   323
   324 = 0088			A	= :EDX
   325 = 008C			COUNT	= :ECX
   326 = 0084			VALUE	= :EAX
   327
   328 23F2			@exit
   329 				.endl
   330 				.endl							; overload
   331
   332 23F2			.local	MOVE						; PROCEDURE | ASSEMBLER | OVERLOAD | REGISTER | INLINE
   333 23F2			.local	@03018100001880000300000
   334
   335 					.MACRO m@INLINE
   336 				
   337 				; -------------------  ASM Block 00000036  -------------------
   338 				
   339 				
   340 					jsr @move
   341 				
   342 					.ENDM
   343
   344 				; ------------------------------------------------------------
   345
   346 = 0088			SOURCE	= :EDX
   347 = 008C			DEST	= :ECX
   348 = 0084			COUNT	= :EAX
   349
   350 23F2			@exit
   351 				.endl
   352 				.endl							; overload
   353
   354 23F2			.local	PAUSE						; PROCEDURE | ASSEMBLER | OVERLOAD
   355 23F2			.local	@00
   356
   357 				; -------------------  ASM Block 00000043  -------------------
   358
   359
   360 23F2 2C 0B D4			bit VCOUNT
   361 23F5 30 FB			bmi *-3
   362 23F7 2C 0B D4			bit VCOUNT
   363 23FA 10 FB			bpl *-3
   364
   365 23FC			@exit
   366 					.ifdef @new
   367 					lda <@VarData
   368 					sta :ztmp
   369 					lda >@VarData
   370 					ldy #@VarDataSize-1
   371 					jmp @FreeMem
   372 					els
   373 23FC 60				rts						; ret
   374 					eif
   375 				.endl
   376 				.endl							; overload
   377
   378 23FD			.local	RANDOMIZE					; PROCEDURE | ASSEMBLER
   379
   380 				; -------------------  ASM Block 00000045  -------------------
   381
   382
   383
   384 23FD AD 0A D2 8D C1 33	  mva $d20a RndSeed
   385 2403 A9 00 8D C2 33	  mva #$00  RndSeed+1
   386
   387
   388 2408			@exit
   389 					.ifdef @new
   390 					lda <@VarData
   391 					sta :ztmp
   392 					lda >@VarData
   393 					ldy #@VarDataSize-1
   394 					jmp @FreeMem
   395 					els
   396 2408 60				rts						; ret
   397 					eif
   398 				.endl
   399
   400 2409			.local	RANDOM						; FUNCTION | ASSEMBLER | OVERLOAD
   401 2409			.local	@010180000
   402 2409 8D C9 33			sta RANGE
   403
   404 				; -------------------  ASM Block 00000049  -------------------
   405
   406
   407
   408 				;BYTE FUNC Rand(BYTE range)
   409 				; returns random number between 0 and
   410 				; range-1.  If range=0, then a random
   411 				; number between 0 and 255 is returned
   412
   413 240C AC 0A D2		  ldy $d20a   ; RANDOM
   414
   415 240F AD C9 33		  lda range
   416 2412 F0 08		  beq stop
   417
   418 2414 85 8C		  sta :ecx
   419 2416 84 84		  sty :eax
   420
   421 2418 20 DA 21		  jsr imulCL
   422 241B A8			  tay
   423
   424 241C 8C CA 33		stop  sty Result
   425
   426
   427 241F			@exit
   428
   429 				; ------------------------------------------------------------
   430
   431 = 33C9			RANGE	= DATAORIGIN+$0011
   432 = 33CA			RESULT	= DATAORIGIN+$0012
   433
   434 = 33C9			@VarData	= RANGE
   435 = 0001			@VarDataSize	= 1
   436
   437 241F 60				rts						; ret
   438 				.endl
   439 				.endl							; overload
   440
   441 				; ------------------------------------------------------------
   442 				; ------------------------------------------------------------
   443 2420			@UnitInit
   444
   445 				; -------------------  ASM Block 00000060  -------------------
   446
   447
   448 					.ifdef @CmdLine
   449
   450 					ldx #$0F
   451 					mva:rpl $340,x IOCB@COPY,x-
   452 					rts
   453
   454 				IOCB@COPY	:16 brk
   455 					eif
   456
   457
   458 2420 60				rts
   459
   460 				; ------------------------------------------------------------
   461
   462 = 0648			M_PI_2	= $0648
   463 = 0192			D_PI_2	= $0192
   464 = 0004			D_PI_180	= $04
   465 = 0101			__PORTB_BANKS	= $0101
   466 = 0000			MGTIA	= $00
   467 = 0080			MVBXE	= $80
   468 = 0000			VBXE_XDLADR	= $00
   469 = 00E0			VBXE_BCBTMP	= $E0
   470 = 0100			VBXE_BCBADR	= $0100
   471 = 1000			VBXE_MAPADR	= $1000
   472 = 1000			VBXE_CHBASE	= $1000
   473 = 5000			VBXE_OVRADR	= $5000
   474 = B000			VBXE_WINDOW	= $B000
   475 = 0000			IDLI	= $00
   476 = 0001			IVBL	= $01
   477 = 0001			IVBLD	= $01
   478 = 0002			IVBLI	= $02
   479 = 0003			ITIM1	= $03
   480 = 0004			ITIM2	= $04
   481 = 0005			ITIM4	= $05
   482 = 00FE			CH_DELCHR	= $FE
   483 = 009B			CH_ENTER	= $9B
   484 = 001B			CH_ESC	= $1B
   485 = 001C			CH_CURS_UP	= $1C
   486 = 001D			CH_CURS_DOWN	= $1D
   487 = 001E			CH_CURS_LEFT	= $1E
   488 = 001F			CH_CURS_RIGHT	= $1F
   489 = 007F			CH_TAB	= $7F
   490 = 009B			CH_EOL	= $9B
   491 = 007D			CH_CLR	= $7D
   492 = 00FD			CH_BELL	= $FD
   493 = 007E			CH_DEL	= $7E
   494 = 009C			CH_DELLINE	= $9C
   495 = 009D			CH_INSLINE	= $9D
   496 = 0000			PAL_PMCOLOR0	= $00
   497 = 0001			PAL_PMCOLOR1	= $01
   498 = 0002			PAL_PMCOLOR2	= $02
   499 = 0003			PAL_PMCOLOR3	= $03
   500 = 0004			PAL_COLOR0	= $04
   501 = 0005			PAL_COLOR1	= $05
   502 = 0006			PAL_COLOR2	= $06
   503 = 0007			PAL_COLOR3	= $07
   504 = 0008			PAL_COLBAK	= $08
   505 = 0000			COLOR_BLACK	= $00
   506 = 000E			COLOR_WHITE	= $0E
   507 = 0032			COLOR_RED	= $32
   508 = 0096			COLOR_CYAN	= $96
   509 = 0068			COLOR_VIOLET	= $68
   510 = 00C4			COLOR_GREEN	= $C4
   511 = 0074			COLOR_BLUE	= $74
   512 = 00EE			COLOR_YELLOW	= $EE
   513 = 0028			COLOR_ORANGE	= $28
   514 = 00E4			COLOR_BROWN	= $E4
   515 = 003C			COLOR_LIGHTRED	= $3C
   516 = 0004			COLOR_GRAY1	= $04
   517 = 0006			COLOR_GRAY2	= $06
   518 = 000A			COLOR_GRAY3	= $0A
   519 = 00CC			COLOR_LIGHTGREEN	= $CC
   520 = 007C			COLOR_LIGHTBLUE	= $7C
   521 = 0004			FMOPENREAD	= $04
   522 = 0008			FMOPENWRITE	= $08
   523 = 0009			FMOPENAPPEND	= $09
   524 = 000C			FMOPENREADWRITE	= $0C
   525 = 33B8			DATESEPARATOR	= DATAORIGIN+$0000
   526 = D20A			RND	= $D20A
   527 = 02C0			adr.PALETTE	= $02C0
   528 2421			.var PALETTE	= adr.PALETTE .word
   529 = D012			adr.HPALETTE	= $D012
   530 2421			.var HPALETTE	= adr.HPALETTE .word
   531 = 33B9			FILEMODE	= DATAORIGIN+$0001
   532 = 33BA			GRAPHMODE	= DATAORIGIN+$0002
   533 = 33BB			IORESULT	= DATAORIGIN+$0003
   534 = 33BC			EOLN	= DATAORIGIN+$0004
   535 = 33BD			SCREENWIDTH	= DATAORIGIN+$0005
   536 = 33BF			SCREENHEIGHT	= DATAORIGIN+$0007
   537 = 0000			adr.MEM	= $00
   538 2421			.var MEM	= adr.MEM .word
   539 = 33C1			RNDSEED	= DATAORIGIN+$0009
   540
   541 = 2421 C0 02		PALETTE
   541 = 2423 12 D0		HPALETTE
   541 = 2425 00 00		MEM
   541 				.endl							; UNIT SYSTEM
   542
   543 				; ------------------------------------------------------------
   544
   545 2427			.local	ATARI						; UNIT
   546
   547 				; ------------------------------------------------------------
   548
   549 = 0000			DL_BLANK1	= $00
   550 = 0010			DL_BLANK2	= $10
   551 = 0020			DL_BLANK3	= $20
   552 = 0030			DL_BLANK4	= $30
   553 = 0040			DL_BLANK5	= $40
   554 = 0050			DL_BLANK6	= $50
   555 = 0060			DL_BLANK7	= $60
   556 = 0070			DL_BLANK8	= $70
   557 = 0080			DL_DLI	= $80
   558 = 0040			DL_LMS	= $40
   559 = 0020			DL_VSCROLL	= $20
   560 = 0010			DL_HSCROLL	= $10
   561 = 0001			DL_JMP	= $01
   562 = 0041			DL_JVB	= $41
   563 = 000E			DL_MODE_GR15	= $0E
   564 = 000F			DL_MODE_GR8	= $0F
   565 = 0010			IRQENS	= $10
   566 = 0012			RTCLOK	= $12
   567 = 0012			RTCLOK1	= $12
   568 = 0013			RTCLOK2	= $13
   569 = 0014			RTCLOK3	= $14
   570 = 004D			ATRACT	= $4D
   571 = 0052			LMARGIN	= $52
   572 = 0053			RMARGIN	= $53
   573 = 0054			ROWCRS	= $54
   574 = 0055			COLCRS	= $55
   575 = 0057			DINDEX	= $57
   576 = 0058			SAVMSC	= $58
   577 = 0062			PALNTS	= $62
   578 = 006A			RAMTOP	= $6A
   579 = 0200			VDSLST	= $0200
   580 = 0230			SDLSTL	= $0230
   581 = 0290			TXTROW	= $0290
   582 = 0291			TXTCOL	= $0291
   583 = 0293			TINDEX	= $0293
   584 = 0294			TXTMSC	= $0294
   585 = 022F			SDMCTL	= $022F
   586 = 026F			GPRIOR	= $026F
   587 = 02F0			CRSINH	= $02F0
   588 = 02F3			CHACT	= $02F3
   589 = 02F4			CHBAS	= $02F4
   590 = 02FC			CH	= $02FC
   591 = 02FD			FILDAT	= $02FD
   592 = 02C0			PCOLR0	= $02C0
   593 = 02C1			PCOLR1	= $02C1
   594 = 02C2			PCOLR2	= $02C2
   595 = 02C3			PCOLR3	= $02C3
   596 = 02C4			COLOR0	= $02C4
   597 = 02C5			COLOR1	= $02C5
   598 = 02C6			COLOR2	= $02C6
   599 = 02C7			COLOR3	= $02C7
   600 = 02C8			COLOR4	= $02C8
   601 = 02C8			COLBAKS	= $02C8
   602 = D000			HPOSP0	= $D000
   603 = D001			HPOSP1	= $D001
   604 = D002			HPOSP2	= $D002
   605 = D003			HPOSP3	= $D003
   606 = D004			HPOSM0	= $D004
   607 = D005			HPOSM1	= $D005
   608 = D006			HPOSM2	= $D006
   609 = D007			HPOSM3	= $D007
   610 = D008			SIZEP0	= $D008
   611 = D009			SIZEP1	= $D009
   612 = D00A			SIZEP2	= $D00A
   613 = D00B			SIZEP3	= $D00B
   614 = D00C			SIZEM	= $D00C
   615 = D00D			GRAFP0	= $D00D
   616 = D00E			GRAFP1	= $D00E
   617 = D00F			GRAFP2	= $D00F
   618 = D010			GRAFP3	= $D010
   619 = D011			GRAFM	= $D011
   620 = D004			P0PF	= $D004
   621 = D014			PAL	= $D014
   622 = D013			TRIG3	= $D013
   623 = D012			COLPM0	= $D012
   624 = D013			COLPM1	= $D013
   625 = D014			COLPM2	= $D014
   626 = D015			COLPM3	= $D015
   627 = D016			COLPF0	= $D016
   628 = D017			COLPF1	= $D017
   629 = D018			COLPF2	= $D018
   630 = D019			COLPF3	= $D019
   631 = D01A			COLBAK	= $D01A
   632 = D01A			COLBK	= $D01A
   633 = D01B			PRIOR	= $D01B
   634 = D01D			GRACTL	= $D01D
   635 = D01D			PMCNTL	= $D01D
   636 = D01E			HITCLR	= $D01E
   637 = D01F			CONSOL	= $D01F
   638 = D200			AUDF1	= $D200
   639 = D201			AUDC1	= $D201
   640 = D202			AUDF2	= $D202
   641 = D203			AUDC2	= $D203
   642 = D204			AUDF3	= $D204
   643 = D205			AUDC3	= $D205
   644 = D206			AUDF4	= $D206
   645 = D207			AUDC4	= $D207
   646 = D208			AUDCTL	= $D208
   647 = D209			KBCODE	= $D209
   648 = D20E			IRQEN	= $D20E
   649 = D20F			SKSTAT	= $D20F
   650 = D300			PORTA	= $D300
   651 = D301			PORTB	= $D301
   652 = D302			PACTL	= $D302
   653 = D400			DMACTL	= $D400
   654 = D401			CHACTL	= $D401
   655 = D402			DLISTL	= $D402
   656 = D404			HSCROL	= $D404
   657 = D405			VSCROL	= $D405
   658 = D407			PMBASE	= $D407
   659 = D409			CHBASE	= $D409
   660 = D40A			WSYNC	= $D40A
   661 = D40B			VCOUNT	= $D40B
   662 = D40C			PENH	= $D40C
   663 = D40D			PENV	= $D40D
   664 = D40E			NMIEN	= $D40E
   665 = FFFA			NMIVEC	= $FFFA
   666 = FFFC			RESETVEC	= $FFFC
   667 = FFFE			IRQVEC	= $FFFE
   668
   669 				.endl							; UNIT ATARI
   670
   671 				; ------------------------------------------------------------
   672
   673 2427			.local	CRT						; UNIT
   674
   675 2427			.local	READKEY						; FUNCTION | ASSEMBLER
   676
   677 				; -------------------  ASM Block 00000061  -------------------
   678
   679
   680 2427				m@call @GetKey
Macro: M@CALL [Source: macros.asm]
    15 2427 20 4A 23				jsr @GETKEY
Source: GeminiShooter.a65
   681 242A 8D CC 33			sta Result
   682
   683 242D			@exit
   684
   685 				; ------------------------------------------------------------
   686
   687 = 33CC			RESULT	= DATAORIGIN+$0014
   688
   689 242D 60				rts						; ret
   690 				.endl
   691
   692 242E			.local	DELAY						; PROCEDURE | ASSEMBLER
   693
   694 				; -------------------  ASM Block 00000064  -------------------
   695
   696
   697 242E 8A 48			txa:pha
   698
   699 2430 A2 00			ldx #0
   700 2432 A0 00			ldy #0
   701
   702 2434 CC CD 33		loop	cpy count
   703 2437 D0 05			bne @+
   704 2439 EC CE 33			cpx count+1
   705 243C F0 46			beq stop
   706
   707 243E AD 0B D4 CD 0B D4 + @	:8 lda:cmp:req vcount
   708
   709 247E C8				iny
   710 247F D0 01			sne
   711 2481 E8				inx
   712
   713 2482 D0 B0			bne loop
   714
   715 2484 68 AA		stop	pla:tax
   716
   717 				; ------------------------------------------------------------
   718
   719 = 33CD			COUNT	= DATAORIGIN+$0015
   720
   721 = 33CD			@VarData	= COUNT
   722 = 0002			@VarDataSize	= 2
   723
   724 2486			@exit
   725 					.ifdef @new
   726 					lda <@VarData
   727 					sta :ztmp
   728 					lda >@VarData
   729 					ldy #@VarDataSize-1
   730 					jmp @FreeMem
   731 					els
   732 2486 60				rts						; ret
   733 					eif
   734 				.endl
   735
   736 2487			.local	KEYPRESSED					; FUNCTION | ASSEMBLER
   737
   738 				; -------------------  ASM Block 00000065  -------------------
   739
   740
   741 2487 A0 00			ldy #$00	; false
   742 2489 AD FC 02			lda kbcodes
   743 248C C9 FF			cmp #$ff
   744 248E F0 01			seq
   745 2490 C8				iny		; true
   746 2491 8C CF 33			sty Result
   747
   748 2494			@exit
   749
   750 				; ------------------------------------------------------------
   751
   752 = 33CF			RESULT	= DATAORIGIN+$0017
   753
   754 2494 60				rts						; ret
   755 				.endl
   756
   757 2495			.local	SOUND						; PROCEDURE | ASSEMBLER
   758
   759 				; -------------------  ASM Block 00000071  -------------------
   760
   761
   762 2495 AD D0 33			lda Chan
   763 2498 29 07			and #7
   764
   765 249A A0 10			ldy #$10
   766 249C C9 04			cmp #4
   767 249E B0 02			scs
   768 24A0 A0 00			ldy #$00
   769 24A2 8C AA 24			sty npokey
   770
   771 24A5 29 03			and #3
   772
   773 24A7 0A				asl @
   774 24A8 18 69 00			add #0
   775 = 24AA			npokey	equ *-1
   776 24AB A8				tay
   777
   778 24AC A9 00			lda #$00
   779 24AE 8D 08 D2			sta audctl
   780 24B1 A9 03			lda #$03
   781 24B3 8D 0F D2			sta skctl
   782
   783 24B6 AD D1 33			lda Freq
   784 24B9 99 00 D2			sta audf1,y
   785
   786 24BC AD D3 33			lda Vol
   787 24BF 29 0F			and #$0F
   788 24C1 8D CC 24			sta _t
   789
   790 24C4 AD D2 33			lda Dist	; -> bit 7-6-5
   791 24C7 0A 0A 0A 0A			:4 asl @
   792 24CB 09 00			ora #0
   793 = 24CC			_t	equ *-1
   794 24CD 99 01 D2			sta audc1,y
   795
   796 				; ------------------------------------------------------------
   797
   798 = 33D0			CHAN	= DATAORIGIN+$0018
   799 = 33D1			FREQ	= DATAORIGIN+$0019
   800 = 33D2			DIST	= DATAORIGIN+$001A
   801 = 33D3			VOL	= DATAORIGIN+$001B
   802
   803 = 33D0			@VarData	= CHAN
   804 = 0004			@VarDataSize	= 4
   805
   806 24D0			@exit
   807 					.ifdef @new
   808 					lda <@VarData
   809 					sta :ztmp
   810 					lda >@VarData
   811 					ldy #@VarDataSize-1
   812 					jmp @FreeMem
   813 					els
   814 24D0 60				rts						; ret
   815 					eif
   816 				.endl
   817
   818 				; ------------------------------------------------------------
   819
   820 = 33CB			TEXTATTR	= DATAORIGIN+$0013
   821 = D01F			CONSOL	= $D01F
   822 = 0000			CN_START_SELECT_OPTION	= $00
   823 = 0001			CN_SELECT_OPTION	= $01
   824 = 0002			CN_START_OPTION	= $02
   825 = 0003			CN_OPTION	= $03
   826 = 0004			CN_START_SELECT	= $04
   827 = 0005			CN_SELECT	= $05
   828 = 0006			CN_START	= $06
   829 = 0007			CN_NONE	= $07
   830 = 0000			BLACK	= $00
   831 = 000F			WHITE	= $0F
   832 = 0026			RED	= $26
   833 = 00AC			CYAN	= $AC
   834 = 0048			PURPLE	= $48
   835 = 00B6			GREEN	= $B6
   836 = 0086			BLUE	= $86
   837 = 00DC			YELLOW	= $DC
   838 = 0018			ORANGE	= $18
   839 = 00F4			BROWN	= $F4
   840 = 002A			LIGHT_RED	= $2A
   841 = 0004			DARK_GREY	= $04
   842 = 0008			GREY	= $08
   843 = 00BC			LIGHT_GREEN	= $BC
   844 = 009A			LIGHT_BLUE	= $9A
   845 = 000C			LIGHT_GREY	= $0C
   846 = 0000			BW40	= $00
   847 = 0001			CO40	= $01
   848 = 0002			BW80	= $02
   849 = 0003			CO80	= $03
   850 = 0007			MONO	= $07
   851 = 0001			C40	= $01
   852 = 0003			C80	= $03
   853 = 0080			BLINK	= $80
   854
   855 				.endl							; UNIT CRT
   856
   857 				; ------------------------------------------------------------
   858
   859 24D1			.local	B_PMG						; UNIT
   860
   861 24D1			.local	PMG_INIT					; PROCEDURE | OVERLOAD
   862 24D1			.local	@03018000001800000180000
   863
   864 				; optimize OK (B_PMG), line = 171
   865
   866 24D1 AD D9 33			lda BASE
   867 24D4 8D 07 D4			sta PMG_PMBASE
   868
   869 				; optimize OK (B_PMG), line = 172
   870
   871 24D7 A9 00			lda #$00
   872 24D9 8D D5 33			sta PMG_BASE
   873 24DC AD D9 33			lda BASE
   874 24DF 8D D6 33			sta PMG_BASE+1
   875
   876 				; optimize OK (B_PMG), line = 173
   877
   878 24E2 AD DB 33			lda GRACTL
   879 24E5 8D 1D D0			sta PMG_GRACTL
   880
   881 				; optimize OK (B_PMG), line = 174
   882
   883 24E8 AD 2F 02			lda PMG_SDMCTL_S
   884 24EB 29 E0			and #$E0
   885 24ED 0D DA 33			ora SDMCTL
   886 24F0 8D DC 33			sta SDMCTL_FLAGS
   887
   888 				; optimize OK (B_PMG), line = 175
   889
   890 24F3 8D 00 D4			sta PMG_SDMCTL
   891
   892 				; optimize OK (B_PMG), line = 176
   893
   894 24F6 8D 2F 02			sta PMG_SDMCTL_S
   895
   896 				; optimize OK (B_PMG), line = 177
   897
   898 24F9 AD DA 33			lda SDMCTL
   899 24FC 29 10			and #$10
   900 24FE F0 0F			jeq l_01BD
   901
   902 				; optimize OK (B_PMG), line = 178
   903
   904 2500 A9 01			lda #$01
   905 2502 8D D4 33			sta PMG_ONELINE
   906
   907 				; optimize OK (B_PMG), line = 179
   908
   909 2505 A9 00			lda #$00
   910 2507 8D D7 33			sta PMG_SIZE
   911 250A A9 08			lda #$08
   912 250C 4C 19 25			jmp l_01CF
   913 250F			l_01BD
   914
   915 				; optimize OK (B_PMG), line = 181
   916
   917 250F A9 00			lda #$00
   918 2511 8D D4 33			sta PMG_ONELINE
   919
   920 				; optimize OK (B_PMG), line = 182
   921
   922 2514 8D D7 33			sta PMG_SIZE
   923 2517 A9 04			lda #$04
   924 2519			l_01CF
   925 2519 8D D8 33			sta PMG_SIZE+1
   926
   927 				; ------------------------------------------------------------
   928
   929 = 33D9			BASE	= DATAORIGIN+$0021
   930 = 33DA			SDMCTL	= DATAORIGIN+$0022
   931 = 33DB			GRACTL	= DATAORIGIN+$0023
   932 = 33DC			SDMCTL_FLAGS	= DATAORIGIN+$0024
   933
   934 = 33D9			@VarData	= BASE
   935 = 0004			@VarDataSize	= 4
   936
   937 251C			@exit
   938 					.ifdef @new
   939 					lda <@VarData
   940 					sta :ztmp
   941 					lda >@VarData
   942 					ldy #@VarDataSize-1
   943 					jmp @FreeMem
   944 					els
   945 251C 60				rts						; ret
   946 					eif
   947 				.endl
   948 				.endl							; overload
   949
   950 251D			.local	PMG_CLEAR					; PROCEDURE
   951
   952 				; optimize OK (B_PMG), line = 200
   953
   954 251D AD D5 33			lda PMG_BASE
   955 2520 85 88			sta SYSTEM.FILLCHAR.@03018000001810000188000.A
   956 2522 AD D6 33			lda PMG_BASE+1
   957 2525 85 89			sta SYSTEM.FILLCHAR.@03018000001810000188000.A+1
   958 2527 AD D7 33			lda PMG_SIZE
   959 252A 85 8C			sta SYSTEM.FILLCHAR.@03018000001810000188000.COUNT
   960 252C AD D8 33			lda PMG_SIZE+1
   961 252F 85 8D			sta SYSTEM.FILLCHAR.@03018000001810000188000.COUNT+1
   962 2531 A9 00			lda #$00
   963 2533 85 84			sta SYSTEM.FILLCHAR.@03018000001810000188000.VALUE
   964 2535				.LOCAL +MAIN.SYSTEM.FILLCHAR.@03018000001810000188000
   965 2535				m@INLINE
Macro: MAIN.SYSTEM.FILLCHAR.@03018000001810000188000.M@INLINE [Source: GeminiShooter.a65]
     5 2535 20 72 21			jsr @fill
Source: GeminiShooter.a65
   966 					.ENDL
   967
   968 2538			@exit
   969 					.ifdef @new
   970 					lda <@VarData
   971 					sta :ztmp
   972 					lda >@VarData
   973 					ldy #@VarDataSize-1
   974 					jmp @FreeMem
   975 					els
   976 2538 60				rts						; ret
   977 					eif
   978 				.endl
   979
   980 2539			.local	PMG_DISABLE					; PROCEDURE
   981
   982 				; optimize OK (B_PMG), line = 206
   983
   984 2539 A9 00			lda #$00
   985 253B 8D 1D D0			sta PMG_GRACTL
   986
   987 				; optimize OK (B_PMG), line = 207
   988
   989 253E AD 2F 02			lda PMG_SDMCTL_S
   990 2541 29 C3			and #$C3
   991 2543 8D DD 33			sta SDMCTL_FLAGS
   992
   993 				; optimize OK (B_PMG), line = 208
   994
   995 2546 8D 00 D4			sta PMG_SDMCTL
   996
   997 				; optimize OK (B_PMG), line = 209
   998
   999 2549 8D 2F 02			sta PMG_SDMCTL_S
  1000
  1001 				; ------------------------------------------------------------
  1002
  1003 = 33DD			SDMCTL_FLAGS	= DATAORIGIN+$0025
  1004
  1005 = 33DD			@VarData	= SDMCTL_FLAGS
  1006 = 0001			@VarDataSize	= 1
  1007
  1008 254C			@exit
  1009 					.ifdef @new
  1010 					lda <@VarData
  1011 					sta :ztmp
  1012 					lda >@VarData
  1013 					ldy #@VarDataSize-1
  1014 					jmp @FreeMem
  1015 					els
  1016 254C 60				rts						; ret
  1017 					eif
  1018 				.endl
  1019
  1020 				; ------------------------------------------------------------
  1021
  1022 = 0001			PMG_VDELAY_M0	= $01
  1023 = 0002			PMG_VDELAY_M1	= $02
  1024 = 0004			PMG_VDELAY_M2	= $04
  1025 = 0008			PMG_VDELAY_M3	= $08
  1026 = 0010			PMG_VDELAY_P0	= $10
  1027 = 0020			PMG_VDELAY_P1	= $20
  1028 = 0040			PMG_VDELAY_P2	= $40
  1029 = 0080			PMG_VDELAY_P3	= $80
  1030 = 0000			PMG_SIZE_NORMAL	= $00
  1031 = 0001			PMG_SIZE_X2	= $01
  1032 = 0003			PMG_SIZE_X4	= $03
  1033 = 0001			PMG_MSIZE0_X2	= $01
  1034 = 0003			PMG_MSIZE0_X4	= $03
  1035 = 0004			PMG_MSIZE1_X2	= $04
  1036 = 000C			PMG_MSIZE1_X4	= $0C
  1037 = 0010			PMG_MSIZE2_X2	= $10
  1038 = 0030			PMG_MSIZE2_X4	= $30
  1039 = 0040			PMG_MSIZE3_X2	= $40
  1040 = 00C0			PMG_MSIZE4_X4	= $C0
  1041 = 0001			PMG_GRACTL_MISSILES	= $01
  1042 = 0002			PMG_GRACTL_PLAYERS	= $02
  1043 = 0004			PMG_GRACTL_LATCH	= $04
  1044 = 0003			PMG_GRACTL_DEFAULT	= $03
  1045 = 0004			PMG_SDMCTL_DMA_MISSILE	= $04
  1046 = 0008			PMG_SDMCTL_DMA_PLAYER	= $08
  1047 = 000C			PMG_SDMCTL_DMA_BOTH	= $0C
  1048 = 0010			PMG_SDMCTL_ONELINE	= $10
  1049 = 0000			PMG_SDMCTL_SCREEN_DISABLED	= $00
  1050 = 0001			PMG_SDMCTL_SCREEN_NARROW	= $01
  1051 = 0002			PMG_SDMCTL_SCREEN_NORMAL	= $02
  1052 = 0003			PMG_SDMCTL_SCREEN_WIDE	= $03
  1053 = 000E			PMG_SDMCTL_DEFAULT	= $0E
  1054 = 0001			PMG_COLLISION_PLAYER_TO_P0	= $01
  1055 = 0002			PMG_COLLISION_PLAYER_TO_P1	= $02
  1056 = 0004			PMG_COLLISION_PLAYER_TO_P2	= $04
  1057 = 0008			PMG_COLLISION_PLAYER_TO_P3	= $08
  1058 = 0010			PMG_5PLAYER	= $10
  1059 = 0020			PMG_OVERLAP	= $20
  1060 = D400			PMG_SDMCTL	= $D400
  1061 = 022F			PMG_SDMCTL_S	= $022F
  1062 = D01B			PMG_GPRIOR	= $D01B
  1063 = 026F			PMG_GPRIOR_S	= $026F
  1064 = D012			PMG_PCOLR0	= $D012
  1065 = D013			PMG_PCOLR1	= $D013
  1066 = D014			PMG_PCOLR2	= $D014
  1067 = D015			PMG_PCOLR3	= $D015
  1068 = D012			adr.PMG_PCOLR	= $D012
  1069 254D			.var PMG_PCOLR	= adr.PMG_PCOLR .word
  1070 = 02C0			PMG_PCOLR0_S	= $02C0
  1071 = 02C1			PMG_PCOLR1_S	= $02C1
  1072 = 02C2			PMG_PCOLR2_S	= $02C2
  1073 = 02C3			PMG_PCOLR3_S	= $02C3
  1074 = 02C0			adr.PMG_PCOLR_S	= $02C0
  1075 254D			.var PMG_PCOLR_S	= adr.PMG_PCOLR_S .word
  1076 = D000			PMG_HPOS0	= $D000
  1077 = D001			PMG_HPOS1	= $D001
  1078 = D002			PMG_HPOS2	= $D002
  1079 = D003			PMG_HPOS3	= $D003
  1080 = D000			adr.PMG_HPOS	= $D000
  1081 254D			.var PMG_HPOS	= adr.PMG_HPOS .word
  1082 = D004			PMG_HPOSM0	= $D004
  1083 = D005			PMG_HPOSM1	= $D005
  1084 = D006			PMG_HPOSM2	= $D006
  1085 = D007			PMG_HPOSM3	= $D007
  1086 = D004			adr.PMG_HPOSM	= $D004
  1087 254D			.var PMG_HPOSM	= adr.PMG_HPOSM .word
  1088 = D008			PMG_SIZEP0	= $D008
  1089 = D009			PMG_SIZEP1	= $D009
  1090 = D00A			PMG_SIZEP2	= $D00A
  1091 = D00B			PMG_SIZEP3	= $D00B
  1092 = D008			adr.PMG_SIZEP	= $D008
  1093 254D			.var PMG_SIZEP	= adr.PMG_SIZEP .word
  1094 = D00C			PMG_SIZEM	= $D00C
  1095 = D00D			PMG_GRAFP0	= $D00D
  1096 = D00E			PMG_GRAFP1	= $D00E
  1097 = D00F			PMG_GRAFP2	= $D00F
  1098 = D010			PMG_GRAFP3	= $D010
  1099 = D00D			adr.PMG_GRAFP	= $D00D
  1100 254D			.var PMG_GRAFP	= adr.PMG_GRAFP .word
  1101 = D011			PMG_GRAFM	= $D011
  1102 = D00C			PMG_P0PL	= $D00C
  1103 = D00D			PMG_P1PL	= $D00D
  1104 = D00E			PMG_P2PL	= $D00E
  1105 = D00F			PMG_P3PL	= $D00F
  1106 = D00C			adr.PMG_PPL	= $D00C
  1107 254D			.var PMG_PPL	= adr.PMG_PPL .word
  1108 = D01C			PMG_VDELAY	= $D01C
  1109 = D01D			PMG_GRACTL	= $D01D
  1110 = D01E			PMG_HITCLR	= $D01E
  1111 = D407			PMG_PMBASE	= $D407
  1112 = 33D4			PMG_ONELINE	= DATAORIGIN+$001C
  1113 = 33D5			PMG_BASE	= DATAORIGIN+$001D
  1114 = 33D7			PMG_SIZE	= DATAORIGIN+$001F
  1115
  1116 = 254D 12 D0		PMG_PCOLR
  1116 = 254F C0 02		PMG_PCOLR_S
  1116 = 2551 00 D0		PMG_HPOS
  1116 = 2553 04 D0		PMG_HPOSM
  1116 = 2555 08 D0		PMG_SIZEP
  1116 = 2557 0D D0		PMG_GRAFP
  1116 = 2559 0C D0		PMG_PPL
  1116 				.endl							; UNIT B_PMG
  1117
  1118 				; ------------------------------------------------------------
  1119
  1120 255B			.local	B_DL						; UNIT
  1121
  1122 255B			.local	DL_INIT						; PROCEDURE
  1123
  1124 				; optimize OK (B_DL), line = 160
  1125
  1126 255B AD E1 33			lda ADDRESS
  1127 255E 8D DE 33			sta DL_ADDRESS
  1128 2561 AD E2 33			lda ADDRESS+1
  1129 2564 8D DF 33			sta DL_ADDRESS+1
  1130
  1131 				; optimize OK (B_DL), line = 161
  1132
  1133 2567 A9 00			lda #$00
  1134 2569 8D E0 33			sta DL_CURSOR
  1135
  1136 				; ------------------------------------------------------------
  1137
  1138 = 33E1			ADDRESS	= DATAORIGIN+$0029
  1139
  1140 = 33E1			@VarData	= ADDRESS
  1141 = 0002			@VarDataSize	= 2
  1142
  1143 256C			@exit
  1144 					.ifdef @new
  1145 					lda <@VarData
  1146 					sta :ztmp
  1147 					lda >@VarData
  1148 					ldy #@VarDataSize-1
  1149 					jmp @FreeMem
  1150 					els
  1151 256C 60				rts						; ret
  1152 					eif
  1153 				.endl
  1154
  1155 256D			.local	DL_PUSH						; PROCEDURE | OVERLOAD
  1156 256D			.local	@010180000
  1157 256D 8D E3 33			sta VALUE
  1158
  1159 				; optimize OK (B_DL), line = 166
  1160
  1161 2570 AC DE 33 84 82 AC + 	mwy DL_ADDRESS :bp2
  1162 257A AC E0 33			ldy DL_CURSOR
  1163 257D AD E3 33			lda VALUE
  1164 2580 91 82			sta (:bp2),y
  1165
  1166 				; optimize FAIL (0, B_DL), line = 167
  1167
  1168 2582 EE E0 33			inc DL_CURSOR
  1169
  1170 				; ------------------------------------------------------------
  1171
  1172 = 33E3			VALUE	= DATAORIGIN+$002B
  1173
  1174 = 33E3			@VarData	= VALUE
  1175 = 0001			@VarDataSize	= 1
  1176
  1177 2585			@exit
  1178 					.ifdef @new
  1179 					lda <@VarData
  1180 					sta :ztmp
  1181 					lda >@VarData
  1182 					ldy #@VarDataSize-1
  1183 					jmp @FreeMem
  1184 					els
  1185 2585 60				rts						; ret
  1186 					eif
  1187 				.endl
  1188 				.endl							; overload
  1189
  1190 2586			.local	DL_PUSH						; PROCEDURE | OVERLOAD
  1191 2586			.local	@010181000
  1192
  1193 				; optimize OK (B_DL), line = 180
  1194
  1195 2586 AD E4 33			lda ADDRESS
  1196 2589 20 6D 25			jsr DL_PUSH.@010180000
  1197
  1198 				; optimize OK (B_DL), line = 181
  1199
  1200 258C AD E5 33			lda ADDRESS+1
  1201 258F 20 6D 25			jsr DL_PUSH.@010180000
  1202
  1203 				; ------------------------------------------------------------
  1204
  1205 = 33E4			ADDRESS	= DATAORIGIN+$002C
  1206
  1207 = 33E4			@VarData	= ADDRESS
  1208 = 0002			@VarDataSize	= 2
  1209
  1210 2592			@exit
  1211 					.ifdef @new
  1212 					lda <@VarData
  1213 					sta :ztmp
  1214 					lda >@VarData
  1215 					ldy #@VarDataSize-1
  1216 					jmp @FreeMem
  1217 					els
  1218 2592 60				rts						; ret
  1219 					eif
  1220 				.endl
  1221 				.endl							; overload
  1222
  1223 2593			.local	DL_PUSH						; PROCEDURE | OVERLOAD
  1224 2593			.local	@0201810000180000
  1225
  1226 				; optimize OK (B_DL), line = 186
  1227
  1228 2593 AD E6 33			lda VALUE
  1229 2596 20 6D 25			jsr DL_PUSH.@010180000
  1230
  1231 				; optimize OK (B_DL), line = 187
  1232
  1233 2599 AD E7 33			lda ADDRESS
  1234 259C 8D E4 33			sta DL_PUSH.@010181000.ADDRESS
  1235 259F AD E8 33			lda ADDRESS+1
  1236 25A2 8D E5 33			sta DL_PUSH.@010181000.ADDRESS+1
  1237 25A5 20 86 25			jsr DL_PUSH.@010181000
  1238
  1239 				; ------------------------------------------------------------
  1240
  1241 = 33E6			VALUE	= DATAORIGIN+$002E
  1242 = 33E7			ADDRESS	= DATAORIGIN+$002F
  1243
  1244 = 33E6			@VarData	= VALUE
  1245 = 0003			@VarDataSize	= 3
  1246
  1247 25A8			@exit
  1248 					.ifdef @new
  1249 					lda <@VarData
  1250 					sta :ztmp
  1251 					lda >@VarData
  1252 					ldy #@VarDataSize-1
  1253 					jmp @FreeMem
  1254 					els
  1255 25A8 60				rts						; ret
  1256 					eif
  1257 				.endl
  1258 				.endl							; overload
  1259
  1260 25A9			.local	DL_START					; PROCEDURE
  1261
  1262 				; optimize FAIL ('SYSTEM.PAUSE.@00', B_DL), line = 192
  1263
  1264 25A9 20 F2 23			jsr SYSTEM.PAUSE.@00
  1265
  1266 				; optimize OK (B_DL), line = 193
  1267
  1268 25AC AD DE 33			lda DL_ADDRESS
  1269 25AF 8D 30 02			sta ATARI.SDLSTL
  1270 25B2 AD DF 33			lda DL_ADDRESS+1
  1271 25B5 8D 31 02			sta ATARI.SDLSTL+1
  1272
  1273 25B8			@exit
  1274 					.ifdef @new
  1275 					lda <@VarData
  1276 					sta :ztmp
  1277 					lda >@VarData
  1278 					ldy #@VarDataSize-1
  1279 					jmp @FreeMem
  1280 					els
  1281 25B8 60				rts						; ret
  1282 					eif
  1283 				.endl
  1284
  1285 				; ------------------------------------------------------------
  1286
  1287 = 0000			DL_BLANK1	= $00
  1288 = 0010			DL_BLANK2	= $10
  1289 = 0020			DL_BLANK3	= $20
  1290 = 0030			DL_BLANK4	= $30
  1291 = 0040			DL_BLANK5	= $40
  1292 = 0050			DL_BLANK6	= $50
  1293 = 0060			DL_BLANK7	= $60
  1294 = 0070			DL_BLANK8	= $70
  1295 = 0080			DL_DLI	= $80
  1296 = 0040			DL_LMS	= $40
  1297 = 0020			DL_VSCROLL	= $20
  1298 = 0010			DL_HSCROLL	= $10
  1299 = 0002			DL_MODE_40X24T2	= $02
  1300 = 0004			DL_MODE_40X24T5	= $04
  1301 = 0005			DL_MODE_40X12T5	= $05
  1302 = 0006			DL_MODE_20X24T5	= $06
  1303 = 0007			DL_MODE_20X12T5	= $07
  1304 = 0008			DL_MODE_40X24G4	= $08
  1305 = 0009			DL_MODE_80X48G2	= $09
  1306 = 000A			DL_MODE_80X48G4	= $0A
  1307 = 000B			DL_MODE_160X96G2	= $0B
  1308 = 000C			DL_MODE_160X192G2	= $0C
  1309 = 000D			DL_MODE_160X96G4	= $0D
  1310 = 000E			DL_MODE_160X192G4	= $0E
  1311 = 000F			DL_MODE_320X192G2	= $0F
  1312 = 0001			DL_JMP	= $01
  1313 = 0041			DL_JVB	= $41
  1314 = 33DE			DL_ADDRESS	= DATAORIGIN+$0026
  1315 = 33E0			DL_CURSOR	= DATAORIGIN+$0028
  1316
  1317 				.endl							; UNIT B_DL
  1318
  1319 				; ------------------------------------------------------------
  1320
  1321 25B9			.local	JOYSTICK					; UNIT
  1322
  1323 				; ------------------------------------------------------------
  1324
  1325 = 000F			JOY_NONE	= $0F
  1326 = 000E			JOY_UP	= $0E
  1327 = 000D			JOY_DOWN	= $0D
  1328 = 000B			JOY_LEFT	= $0B
  1329 = 000A			JOY_LEFT_UP	= $0A
  1330 = 0009			JOY_LEFT_DOWN	= $09
  1331 = 0007			JOY_RIGHT	= $07
  1332 = 0006			JOY_RIGHT_UP	= $06
  1333 = 0005			JOY_RIGHT_DOWN	= $05
  1334 = 0278			JOY_1	= $0278
  1335 = 0279			JOY_2	= $0279
  1336 = 0278			adr.STICK	= $0278
  1337 25B9			.var STICK	= adr.STICK .word
  1338 = 0278			STICK0	= $0278
  1339 = 0279			STICK1	= $0279
  1340 = 0284			adr.STRIG	= $0284
  1341 25B9			.var STRIG	= adr.STRIG .word
  1342 = 0284			STRIG0	= $0284
  1343 = 0285			STRIG1	= $0285
  1344 = 0270			adr.PADDL	= $0270
  1345 25B9			.var PADDL	= adr.PADDL .word
  1346 = 0270			PADDL0	= $0270
  1347 = 0271			PADDL1	= $0271
  1348 = 0272			PADDL2	= $0272
  1349 = 0273			PADDL3	= $0273
  1350 = 0274			PADDL4	= $0274
  1351 = 0275			PADDL5	= $0275
  1352 = 0276			PADDL6	= $0276
  1353 = 0277			PADDL7	= $0277
  1354 = 027C			adr.PTRIG	= $027C
  1355 25B9			.var PTRIG	= adr.PTRIG .word
  1356 = 027C			PTRIG0	= $027C
  1357 = 027D			PTRIG1	= $027D
  1358 = 027E			PTRIG2	= $027E
  1359 = 027F			PTRIG3	= $027F
  1360 = 0280			PTRIG4	= $0280
  1361 = 0281			PTRIG5	= $0281
  1362 = 0282			PTRIG6	= $0282
  1363 = 0283			PTRIG7	= $0283
  1364 = D010			TRIG0	= $D010
  1365 = D011			TRIG1	= $D011
  1366 = D200			POT0	= $D200
  1367 = D208			ALLPOT	= $D208
  1368 = D20B			POTGO	= $D20B
  1369
  1370 = 25B9 78 02		STICK
  1370 = 25BB 84 02		STRIG
  1370 = 25BD 70 02		PADDL
  1370 = 25BF 7C 02		PTRIG
  1370 				.endl							; UNIT JOYSTICK
  1371
  1372 				; ------------------------------------------------------------
  1373
  1374 25C1			.local	DOS						; UNIT
  1375
  1376 				; ------------------------------------------------------------
  1377
  1378 = D014			PALNTSC	= $D014
  1379
  1380 				.endl							; UNIT DOS
  1381
  1382 				; ------------------------------------------------------------
  1383
  1384 25C1			.local	STRUTILS					; UNIT
  1385
  1386 				; ------------------------------------------------------------
  1387
  1388 				.endl							; UNIT STRUTILS
  1389
  1390 				; ------------------------------------------------------------
  1391
  1392 25C1			.local	SYSUTILS					; UNIT
  1393
  1394 				; ------------------------------------------------------------
  1395
  1396 = 0001			FAREADONLY	= $01
  1397 = 0002			FAHIDDEN	= $02
  1398 = 0004			FASYSFILE	= $04
  1399 = 0008			FAVOLUMEID	= $08
  1400 = 0010			FADIRECTORY	= $10
  1401 = 0020			FAARCHIVE	= $20
  1402 = 003F			FAANYFILE	= $3F
  1403
  1404 				.endl							; UNIT SYSUTILS
  1405
  1406 25C1			.local	PRINTSTR					; PROCEDURE
  1407
  1408 				; optimize OK (P:\_MADPascal_\GeminiShooter\GeminiShooter.pas), line = 156
  1409
  1410 25C1 A9 00			lda #$00
  1411 25C3 8D 44 34			sta I
  1412 25C6 AC 43 34			ldy LEN
  1413 25C9 88				dey
  1414 25CA 8C CE 25			sty @FORTMP_028D_0
  1415
  1416 25CD			l_0290
  1417 				; --- ForToDoCondition
  1418 25CD A9 00			lda @FORTMP_028D_0::#$00
  1419 25CF CD 44 34			cmp I
  1420 25D2 90 28			jcc l_029E
  1421
  1422 				; optimize OK (P:\_MADPascal_\GeminiShooter\GeminiShooter.pas), line = 157
  1423
  1424 25D4 AD 41 34			lda S
  1425 25D7 18 6D 44 34			add I
  1426 25DB 85 82			sta :bp2
  1427 25DD AD 42 34			lda S+1
  1428 25E0 69 00			adc #$00
  1429 25E2 85 83			sta :bp2+1
  1430 25E4 A0 01			ldy #$01
  1431 25E6 B1 82			lda (:bp2),y
  1432 25E8 AC 3F 34 84 82 AC + 	mwy ADDR :bp2
  1433 25F2 AC 44 34			ldy I
  1434 25F5 91 82			sta (:bp2),y
  1435 25F7 EE 44 34			inc I
  1436 25FA D0 D1			jne l_0290
  1437 25FC			l_029E
  1438
  1439 				; ------------------------------------------------------------
  1440
  1441 = 343F			ADDR	= DATAORIGIN+$0087
  1442 = 3441			S	= DATAORIGIN+$0089
  1443 = 3443			LEN	= DATAORIGIN+$008B
  1444 = 3444			I	= DATAORIGIN+$008C
  1445
  1446 = 343F			@VarData	= ADDR
  1447 = 0006			@VarDataSize	= 6
  1448
  1449 25FC			@exit
  1450 					.ifdef @new
  1451 					lda <@VarData
  1452 					sta :ztmp
  1453 					lda >@VarData
  1454 					ldy #@VarDataSize-1
  1455 					jmp @FreeMem
  1456 					els
  1457 25FC 60				rts						; ret
  1458 					eif
  1459 				.endl
  1460
  1461 25FD			.local	DLIHANDLER					; PROCEDURE | ASSEMBLER | INTERRUPT
  1462
  1463 				; -------------------  ASM Block 00000094  -------------------
  1464
  1465
  1466 25FD 48			  pha
  1467 25FE 8A			  txa
  1468 25FF 48			  pha
  1469 				  
  1470 				  ; Get current DLI line counter
  1471 2600 AE 39 34		  ldx dliLine
  1472 				  
  1473 				  ; Load color for this line
  1474 2603 BD 8E 33		  lda dliColors,x
  1475 2606 8D 0A D4		  sta wsync
  1476 2609 8D 1A D0		  sta colbak
  1477 				  
  1478 				  ; Advance to next line
  1479 260C E8			  inx
  1480 260D E0 18		  cpx #24
  1481 260F 90 02		  bcc @noReset
  1482 2611 A2 00		  ldx #0
  1483 2613			@noReset:
  1484 2613 8E 39 34		  stx dliLine
  1485 				  
  1486 2616 68			  pla
  1487 2617 AA			  tax
  1488 2618 68			  pla
  1489 2619 40			  rti
  1490
  1491 261A 40				rti						; ret
  1492 				.endl
  1493
  1494 261B			.local	VBLHANDLER					; PROCEDURE | INTERRUPT
  1495
  1496 				; optimize OK (P:\_MADPascal_\GeminiShooter\GeminiShooter.pas), line = 197
  1497
  1498 261B A9 00			lda #$00
  1499 261D 8D 39 34			sta DLILINE
  1500
  1501 				; optimize FAIL (0, P:\_MADPascal_\GeminiShooter\GeminiShooter.pas), line = 200
  1502
  1503 2620 EE 1F 34			inc FRAMECOUNTER
  1504
  1505 				; optimize OK (P:\_MADPascal_\GeminiShooter\GeminiShooter.pas), line = 203
  1506
  1507 2623 AD 20 34			lda SOUNDTIMER
  1508 2626 F0 06			jeq l_02D5
  1509
  1510 				; optimize FAIL (0, P:\_MADPascal_\GeminiShooter\GeminiShooter.pas), line = 204
  1511
  1512 2628 CE 20 34			dec SOUNDTIMER
  1513 262B 4C 3F 26			jmp l_02E3
  1514 262E			l_02D5
  1515
  1516 				; optimize OK (P:\_MADPascal_\GeminiShooter\GeminiShooter.pas), line = 206
  1517
  1518 262E A9 00			lda #$00
  1519 2630 8D D0 33			sta CRT.SOUND.CHAN
  1520 2633 8D D1 33			sta CRT.SOUND.FREQ
  1521 2636 8D D2 33			sta CRT.SOUND.DIST
  1522 2639 8D D3 33			sta CRT.SOUND.VOL
  1523 263C 20 95 24			jsr CRT.SOUND
  1524 263F			l_02E3
  1525
  1526 				; -------------------  ASM Block 00000095  -------------------
  1527
  1528
  1529 263F 4C 62 E4		    jmp xitvbv
  1530 				  
  1531 2642 40				rti						; ret
  1532 				.endl
  1533
  1534 2643			.local	INITDLICOLORS					; PROCEDURE
  1535
  1536 				; optimize OK (P:\_MADPascal_\GeminiShooter\GeminiShooter.pas), line = 221
  1537
  1538 2643 A9 00			lda #$00
  1539 2645 A8				tay
  1540
  1541 2646			l_02F5
  1542 				; --- ForToDoCondition
  1543 2646 8C 46 34			sty I
  1544 2649 C0 0C			cpy #$0C
  1545 264B B0 20			jcs l_0303
  1546
  1547 				; optimize OK (P:\_MADPascal_\GeminiShooter\GeminiShooter.pas), line = 222
  1548
  1549 264D A9 00			lda #$00
  1550 264F 85 AF			sta :STACKORIGIN+STACKWIDTH+11
  1551 2651 AD 46 34			lda I
  1552 2654 0A				asl @
  1553 2655 26 AF			rol :STACKORIGIN+STACKWIDTH+11
  1554 2657 0A				asl @
  1555 2658 26 AF			rol :STACKORIGIN+STACKWIDTH+11
  1556 265A 0A				asl @
  1557 265B 26 AF			rol :STACKORIGIN+STACKWIDTH+11
  1558 265D 85 9F			sta :STACKORIGIN+11
  1559 265F A9 90			lda #$90
  1560 2661 38 E5 9F			sub :STACKORIGIN+11
  1561 2664 AC 46 34			ldy I
  1562 2667 99 21 34			sta adr.DLICOLORS,y
  1563
  1564 				; --- ForToDoEpilog
  1565 266A C8				iny
  1566 266B D0 D9			jne l_02F5
  1567 266D			l_0303
  1568
  1569 				; optimize OK (P:\_MADPascal_\GeminiShooter\GeminiShooter.pas), line = 223
  1570
  1571 266D A9 0C			lda #$0C
  1572 266F A8				tay
  1573
  1574 2670			l_0322
  1575 				; --- ForToDoCondition
  1576 2670 C0 18			cpy #$18
  1577 2672 B0 08			jcs l_0330
  1578
  1579 				; optimize OK (P:\_MADPascal_\GeminiShooter\GeminiShooter.pas), line = 224
  1580
  1581 2674 A9 00			lda #$00
  1582 2676 99 21 34			sta adr.DLICOLORS,y
  1583
  1584 				; --- ForToDoEpilog
  1585 2679 C8				iny
  1586 267A D0 F4			jne l_0322
  1587 267C			l_0330
  1588 267C 8C 46 34			sty I
  1589
  1590 				; ------------------------------------------------------------
  1591
  1592 = 3446			I	= DATAORIGIN+$008E
  1593
  1594 = 3446			@VarData	= I
  1595 = 0001			@VarDataSize	= 1
  1596
  1597 267F			@exit
  1598 					.ifdef @new
  1599 					lda <@VarData
  1600 					sta :ztmp
  1601 					lda >@VarData
  1602 					ldy #@VarDataSize-1
  1603 					jmp @FreeMem
  1604 					els
  1605 267F 60				rts						; ret
  1606 					eif
  1607 				.endl
  1608
  1609 2680			.local	INITDISPLAYLIST					; PROCEDURE
  1610
  1611 				; optimize OK (P:\_MADPascal_\GeminiShooter\GeminiShooter.pas), line = 234
  1612
  1613 2680 A9 00			lda #$00
  1614 2682 8D 1D 34			sta SCREENMEM
  1615 2685 A9 BC			lda #$BC
  1616 2687 8D 1E 34			sta SCREENMEM+1
  1617
  1618 				; optimize OK (P:\_MADPascal_\GeminiShooter\GeminiShooter.pas), line = 236
  1619
  1620 268A A9 00			lda #$00
  1621 268C 8D E1 33			sta B_DL.DL_INIT.ADDRESS
  1622 268F A9 A8			lda #$A8
  1623 2691 8D E2 33			sta B_DL.DL_INIT.ADDRESS+1
  1624 2694 20 5B 25			jsr B_DL.DL_INIT
  1625
  1626 				; optimize OK (P:\_MADPascal_\GeminiShooter\GeminiShooter.pas), line = 239
  1627
  1628 2697 A9 70			lda #$70
  1629 2699 20 6D 25			jsr B_DL.DL_PUSH.@010180000
  1630
  1631 				; optimize OK (P:\_MADPascal_\GeminiShooter\GeminiShooter.pas), line = 240
  1632
  1633 269C A9 70			lda #$70
  1634 269E 20 6D 25			jsr B_DL.DL_PUSH.@010180000
  1635
  1636 				; optimize OK (P:\_MADPascal_\GeminiShooter\GeminiShooter.pas), line = 241
  1637
  1638 26A1 A9 70			lda #$70
  1639 26A3 20 6D 25			jsr B_DL.DL_PUSH.@010180000
  1640
  1641 				; optimize OK (P:\_MADPascal_\GeminiShooter\GeminiShooter.pas), line = 244
  1642
  1643 26A6 A9 C2			lda #$C2
  1644 26A8 8D E6 33			sta B_DL.DL_PUSH.@0201810000180000.VALUE
  1645 26AB AD 1D 34			lda SCREENMEM
  1646 26AE 8D E7 33			sta B_DL.DL_PUSH.@0201810000180000.ADDRESS
  1647 26B1 AD 1E 34			lda SCREENMEM+1
  1648 26B4 8D E8 33			sta B_DL.DL_PUSH.@0201810000180000.ADDRESS+1
  1649 26B7 20 93 25			jsr B_DL.DL_PUSH.@0201810000180000
  1650
  1651 				; optimize OK (P:\_MADPascal_\GeminiShooter\GeminiShooter.pas), line = 247
  1652
  1653 26BA A9 01			lda #$01
  1654 26BC 8D 47 34			sta I
  1655
  1656 26BF			l_0359
  1657 				; --- ForToDoCondition
  1658 26BF AD 47 34			lda I
  1659 26C2 C9 18			cmp #$18
  1660 26C4 B0 0A			jcs l_0367
  1661
  1662 				; optimize OK (P:\_MADPascal_\GeminiShooter\GeminiShooter.pas), line = 248
  1663
  1664 26C6 A9 82			lda #$82
  1665 26C8 20 6D 25			jsr B_DL.DL_PUSH.@010180000
  1666
  1667 				; --- ForToDoEpilog
  1668 26CB EE 47 34			inc I
  1669 26CE D0 EF			jne l_0359
  1670 26D0			l_0367
  1671
  1672 				; optimize OK (P:\_MADPascal_\GeminiShooter\GeminiShooter.pas), line = 251
  1673
  1674 26D0 A9 41			lda #$41
  1675 26D2 8D E6 33			sta B_DL.DL_PUSH.@0201810000180000.VALUE
  1676 26D5 A9 00			lda #$00
  1677 26D7 8D E7 33			sta B_DL.DL_PUSH.@0201810000180000.ADDRESS
  1678 26DA A9 A8			lda #$A8
  1679 26DC 8D E8 33			sta B_DL.DL_PUSH.@0201810000180000.ADDRESS+1
  1680 26DF 20 93 25			jsr B_DL.DL_PUSH.@0201810000180000
  1681
  1682 				; optimize FAIL ('B_DL.DL_START', P:\_MADPascal_\GeminiShooter\GeminiShooter.pas), line = 253
  1683
  1684 26E2 20 A9 25			jsr B_DL.DL_START
  1685
  1686 				; ------------------------------------------------------------
  1687
  1688 = 3447			I	= DATAORIGIN+$008F
  1689
  1690 = 3447			@VarData	= I
  1691 = 0001			@VarDataSize	= 1
  1692
  1693 26E5			@exit
  1694 					.ifdef @new
  1695 					lda <@VarData
  1696 					sta :ztmp
  1697 					lda >@VarData
  1698 					ldy #@VarDataSize-1
  1699 					jmp @FreeMem
  1700 					els
  1701 26E5 60				rts						; ret
  1702 					eif
  1703 				.endl
  1704
  1705 26E6			.local	INITPMG						; PROCEDURE
  1706
  1707 				; optimize OK (P:\_MADPascal_\GeminiShooter\GeminiShooter.pas), line = 261
  1708
  1709 26E6 A9 A0			lda #$A0
  1710 26E8 8D D9 33			sta B_PMG.PMG_INIT.@03018000001800000180000.BASE
  1711 26EB A9 1E			lda #$1E
  1712 26ED 8D DA 33			sta B_PMG.PMG_INIT.@03018000001800000180000.SDMCTL
  1713 26F0 A9 03			lda #$03
  1714 26F2 8D DB 33			sta B_PMG.PMG_INIT.@03018000001800000180000.GRACTL
  1715 26F5 20 D1 24			jsr B_PMG.PMG_INIT.@03018000001800000180000
  1716
  1717 				; optimize FAIL ('B_PMG.PMG_CLEAR', P:\_MADPascal_\GeminiShooter\GeminiShooter.pas), line = 262
  1718
  1719 26F8 20 1D 25			jsr B_PMG.PMG_CLEAR
  1720
  1721 				; optimize OK (P:\_MADPascal_\GeminiShooter\GeminiShooter.pas), line = 265
  1722
  1723 26FB A9 0E			lda #$0E
  1724 26FD 8D C0 02			sta B_PMG.PMG_PCOLR0_S
  1725
  1726 				; optimize OK (P:\_MADPascal_\GeminiShooter\GeminiShooter.pas), line = 266
  1727
  1728 2700 A9 44			lda #$44
  1729 2702 8D C1 02			sta B_PMG.PMG_PCOLR1_S
  1730
  1731 				; optimize OK (P:\_MADPascal_\GeminiShooter\GeminiShooter.pas), line = 267
  1732
  1733 2705 A9 C6			lda #$C6
  1734 2707 8D C2 02			sta B_PMG.PMG_PCOLR2_S
  1735
  1736 				; optimize OK (P:\_MADPascal_\GeminiShooter\GeminiShooter.pas), line = 268
  1737
  1738 270A A9 1E			lda #$1E
  1739 270C 8D C3 02			sta B_PMG.PMG_PCOLR3_S
  1740
  1741 				; optimize OK (P:\_MADPascal_\GeminiShooter\GeminiShooter.pas), line = 271
  1742
  1743 270F A9 01			lda #$01
  1744 2711 8D 6F 02			sta B_PMG.PMG_GPRIOR_S
  1745
  1746 2714			@exit
  1747 					.ifdef @new
  1748 					lda <@VarData
  1749 					sta :ztmp
  1750 					lda >@VarData
  1751 					ldy #@VarDataSize-1
  1752 					jmp @FreeMem
  1753 					els
  1754 2714 60				rts						; ret
  1755 					eif
  1756 				.endl
  1757
  1758 2715			.local	DRAWPLAYER					; PROCEDURE
  1759
  1760 				; optimize OK (P:\_MADPascal_\GeminiShooter\GeminiShooter.pas), line = 281
  1761
  1762 2715 AD F1 33			lda PLAYERY
  1763 2718 8D 48 34			sta PMGADDR
  1764 271B A9 A4			lda #$A4
  1765 271D 8D 49 34			sta PMGADDR+1
  1766
  1767 				; optimize OK (P:\_MADPascal_\GeminiShooter\GeminiShooter.pas), line = 284
  1768
  1769 2720 AD 48 34			lda PMGADDR
  1770 2723 38 E9 02			sub #$02
  1771 2726 85 82			sta :bp2
  1772 2728 AD 49 34			lda PMGADDR+1
  1773 272B E9 00			sbc #$00
  1774 272D 85 83			sta :bp2+1
  1775 272F A9 00			lda #$00
  1776 2731 A0 0B			ldy #$0B
  1777 2733 91 82 88 10 FB		sta:rpl (:bp2),y-
  1778
  1779 				; optimize OK (P:\_MADPascal_\GeminiShooter\GeminiShooter.pas), line = 287
  1780
  1781 2738 AD 76 33			lda PLAYER_SHIP
  1782 273B 85 88			sta SYSTEM.MOVE.@03018100001880000300000.SOURCE
  1783 273D AD 77 33			lda PLAYER_SHIP+1
  1784 2740 85 89			sta SYSTEM.MOVE.@03018100001880000300000.SOURCE+1
  1785 2742 AD 48 34			lda PMGADDR
  1786 2745 85 8C			sta SYSTEM.MOVE.@03018100001880000300000.DEST
  1787 2747 AD 49 34			lda PMGADDR+1
  1788 274A 85 8D			sta SYSTEM.MOVE.@03018100001880000300000.DEST+1
  1789 274C A9 08			lda #$08
  1790 274E 85 84			sta SYSTEM.MOVE.@03018100001880000300000.COUNT
  1791 2750 A9 00			lda #$00
  1792 2752 85 85			sta SYSTEM.MOVE.@03018100001880000300000.COUNT+1
  1793 2754				.LOCAL +MAIN.SYSTEM.MOVE.@03018100001880000300000
  1794 2754				m@INLINE
Macro: MAIN.SYSTEM.MOVE.@03018100001880000300000.M@INLINE [Source: GeminiShooter.a65]
     5 2754 20 1D 21			jsr @move
Source: GeminiShooter.a65
  1795 					.ENDL
  1796
  1797 				; optimize OK (P:\_MADPascal_\GeminiShooter\GeminiShooter.pas), line = 290
  1798
  1799 2757 AD F0 33			lda PLAYERX
  1800 275A 8D 00 D0			sta B_PMG.PMG_HPOS0
  1801
  1802 				; ------------------------------------------------------------
  1803
  1804 = 3448			PMGADDR	= DATAORIGIN+$0090
  1805
  1806 = 3448			@VarData	= PMGADDR
  1807 = 0002			@VarDataSize	= 2
  1808
  1809 275D			@exit
  1810 					.ifdef @new
  1811 					lda <@VarData
  1812 					sta :ztmp
  1813 					lda >@VarData
  1814 					ldy #@VarDataSize-1
  1815 					jmp @FreeMem
  1816 					els
  1817 275D 60				rts						; ret
  1818 					eif
  1819 				.endl
  1820
  1821 275E			.local	DRAWENEMY					; PROCEDURE
  1822 275E 8D 4A 34			sta ENEMYNUM
  1823
  1824 				; optimize OK (P:\_MADPascal_\GeminiShooter\GeminiShooter.pas), line = 301
  1825
  1826 2761 C9 03			cmp #$03
  1827 2763 90 03			jcc l_03CC
  1828 2765 4C 30 28			jmp @exit
  1829 2768			l_03CC
  1830
  1831 				; optimize OK (P:\_MADPascal_\GeminiShooter\GeminiShooter.pas), line = 303
  1832
  1833 2768 AD 4A 34			lda ENEMYNUM
  1834 276B 29 01			and #$01
  1835 276D 18 69 01			add #$01
  1836 2770 8D 4D 34			sta PMNUM
  1837
  1838 				; optimize OK (P:\_MADPascal_\GeminiShooter\GeminiShooter.pas), line = 304
  1839
  1840 2773 A9 00			lda #$00
  1841 2775 85 9D			sta :STACKORIGIN+9
  1842 2777 AD 4D 34			lda PMNUM
  1843 277A 18 69 A4			add #$A4
  1844 277D 85 AD			sta :STACKORIGIN+STACKWIDTH+9
  1845 277F AC 4A 34			ldy ENEMYNUM
  1846 2782 B9 F8 33			lda adr.ENEMYY,y
  1847 2785 18 65 9D			add :STACKORIGIN+9
  1848 2788 8D 4B 34			sta PMGADDR
  1849 278B A5 AD			lda :STACKORIGIN+STACKWIDTH+9
  1850 278D 69 00			adc #$00
  1851 278F 8D 4C 34			sta PMGADDR+1
  1852
  1853 				; optimize OK (P:\_MADPascal_\GeminiShooter\GeminiShooter.pas), line = 306
  1854
  1855 2792 AC 4A 34			ldy ENEMYNUM
  1856 2795 B9 FE 33			lda adr.ENEMYSTATE,y
  1857 2798 8D 4E 34			sta @CASETMP_0007
  1858 279B C9 01			cmp #$01
  1859 279D D0 23			jne l_0406
  1860 				@
  1861
  1862 				; optimize OK (P:\_MADPascal_\GeminiShooter\GeminiShooter.pas), line = 309
  1863
  1864 279F AD 4B 34			lda PMGADDR
  1865 27A2 38 E9 02			sub #$02
  1866 27A5 85 82			sta :bp2
  1867 27A7 AD 4C 34			lda PMGADDR+1
  1868 27AA E9 00			sbc #$00
  1869 27AC 85 83			sta :bp2+1
  1870 27AE A9 00			lda #$00
  1871 27B0 A0 0B			ldy #$0B
  1872 27B2 91 82 88 10 FB		sta:rpl (:bp2),y-
  1873
  1874 				; optimize OK (P:\_MADPascal_\GeminiShooter\GeminiShooter.pas), line = 310
  1875
  1876 27B7 AD 78 33			lda ENEMY_SHIP
  1877 27BA 85 88			sta SYSTEM.MOVE.@03018100001880000300000.SOURCE
  1878 27BC AD 79 33			lda ENEMY_SHIP+1
  1879 				; optimize OK (P:\_MADPascal_\GeminiShooter\GeminiShooter.pas), line = 311
  1880 27BF 4C E6 27			jmp s_0443
  1881 27C2			l_0406
  1882 27C2 C9 02			cmp #$02
  1883 27C4 D0 46			jne l_0428
  1884
  1885 				; optimize OK (P:\_MADPascal_\GeminiShooter\GeminiShooter.pas), line = 315
  1886
  1887 27C6 AD 4B 34			lda PMGADDR
  1888 27C9 38 E9 02			sub #$02
  1889 27CC 85 82			sta :bp2
  1890 27CE AD 4C 34			lda PMGADDR+1
  1891 27D1 E9 00			sbc #$00
  1892 27D3 85 83			sta :bp2+1
  1893 27D5 A9 00			lda #$00
  1894 27D7 A0 0B			ldy #$0B
  1895 27D9 91 82 88 10 FB		sta:rpl (:bp2),y-
  1896
  1897 				; optimize OK (P:\_MADPascal_\GeminiShooter\GeminiShooter.pas), line = 316
  1898
  1899 27DE AD 7A 33			lda EXPLOSION
  1900 27E1 85 88			sta SYSTEM.MOVE.@03018100001880000300000.SOURCE
  1901 27E3 AD 7B 33			lda EXPLOSION+1
  1902 27E6			s_0443
  1903 27E6 85 89			sta SYSTEM.MOVE.@03018100001880000300000.SOURCE+1
  1904 27E8 AD 4B 34			lda PMGADDR
  1905 27EB 85 8C			sta SYSTEM.MOVE.@03018100001880000300000.DEST
  1906 27ED AD 4C 34			lda PMGADDR+1
  1907 27F0 85 8D			sta SYSTEM.MOVE.@03018100001880000300000.DEST+1
  1908 27F2 A9 08			lda #$08
  1909 27F4 85 84			sta SYSTEM.MOVE.@03018100001880000300000.COUNT
  1910 27F6 A9 00			lda #$00
  1911 27F8 85 85			sta SYSTEM.MOVE.@03018100001880000300000.COUNT+1
  1912 27FA				.LOCAL +MAIN.SYSTEM.MOVE.@03018100001880000300000
  1913 27FA				m@INLINE
Macro: MAIN.SYSTEM.MOVE.@03018100001880000300000.M@INLINE [Source: GeminiShooter.a65]
     5 27FA 20 1D 21			jsr @move
Source: GeminiShooter.a65
  1914 					.ENDL
  1915
  1916 				; optimize OK (P:\_MADPascal_\GeminiShooter\GeminiShooter.pas), line = 317
  1917
  1918 27FD AC 4A 34			ldy ENEMYNUM
  1919 2800 B9 F5 33			lda adr.ENEMYX,y
  1920 2803 AC 4D 34			ldy PMNUM
  1921 2806 99 00 D0			sta B_PMG.adr.PMG_HPOS,y
  1922 2809 4C 30 28			jmp a_0007
  1923 280C			l_0428
  1924 280C C9 00			cmp #$00
  1925 280E D0 20			jne l_044A
  1926
  1927 				; optimize OK (P:\_MADPascal_\GeminiShooter\GeminiShooter.pas), line = 321
  1928
  1929 2810 AD 4B 34			lda PMGADDR
  1930 2813 38 E9 02			sub #$02
  1931 2816 85 82			sta :bp2
  1932 2818 AD 4C 34			lda PMGADDR+1
  1933 281B E9 00			sbc #$00
  1934 281D 85 83			sta :bp2+1
  1935 281F A9 00			lda #$00
  1936 2821 A0 0B			ldy #$0B
  1937 2823 91 82 88 10 FB		sta:rpl (:bp2),y-
  1938
  1939 				; optimize OK (P:\_MADPascal_\GeminiShooter\GeminiShooter.pas), line = 322
  1940
  1941 2828 AC 4D 34			ldy PMNUM
  1942 282B A9 00			lda #$00
  1943 282D 99 00 D0			sta B_PMG.adr.PMG_HPOS,y
  1944 2830			l_044A
  1945 2830			a_0007
  1946
  1947 				; ------------------------------------------------------------
  1948
  1949 = 344A			ENEMYNUM	= DATAORIGIN+$0092
  1950 = 344B			PMGADDR	= DATAORIGIN+$0093
  1951 = 344D			PMNUM	= DATAORIGIN+$0095
  1952 = 344E			@CASETMP_0007	= DATAORIGIN+$0096
  1953
  1954 = 344A			@VarData	= ENEMYNUM
  1955 = 0005			@VarDataSize	= 5
  1956
  1957 2830			@exit
  1958 					.ifdef @new
  1959 					lda <@VarData
  1960 					sta :ztmp
  1961 					lda >@VarData
  1962 					ldy #@VarDataSize-1
  1963 					jmp @FreeMem
  1964 					els
  1965 2830 60				rts						; ret
  1966 					eif
  1967 				.endl
  1968
  1969 2831			.local	DRAWPLAYERMISSILE				; PROCEDURE
  1970
  1971 				; optimize OK (P:\_MADPascal_\GeminiShooter\GeminiShooter.pas), line = 335
  1972
  1973 2831 AD F4 33			lda PLAYERMISSILEY
  1974 2834 8D 4F 34			sta PMGADDR
  1975 2837 A9 A3			lda #$A3
  1976 2839 8D 50 34			sta PMGADDR+1
  1977
  1978 				; optimize OK (P:\_MADPascal_\GeminiShooter\GeminiShooter.pas), line = 337
  1979
  1980 283C AD F2 33			lda PLAYERMISSILEACTIVE
  1981 283F F0 35			jeq l_047D
  1982
  1983 				; optimize OK (P:\_MADPascal_\GeminiShooter\GeminiShooter.pas), line = 339
  1984
  1985 2841 AD 4F 34			lda PMGADDR
  1986 2844 38 E9 01			sub #$01
  1987 2847 85 9E			sta :STACKORIGIN+10
  1988 2849 AD 50 34			lda PMGADDR+1
  1989 284C E9 00			sbc #$00
  1990 284E 85 81			sta :bp+1
  1991 2850 A4 9E			ldy :STACKORIGIN+10
  1992 2852 A9 00			lda #$00
  1993 2854 91 80			sta (:bp),y
  1994
  1995 				; optimize OK (P:\_MADPascal_\GeminiShooter\GeminiShooter.pas), line = 340
  1996
  1997 2856 AC 50 34			ldy PMGADDR+1
  1998 2859 84 81			sty :bp+1
  1999 285B AC 4F 34			ldy PMGADDR
  2000 285E A9 C0			lda #$C0
  2001 2860 91 80			sta (:bp),y
  2002
  2003 				; optimize OK (P:\_MADPascal_\GeminiShooter\GeminiShooter.pas), line = 341
  2004
  2005 2862 AC 4F 34 84 82 AC + 	mwy PMGADDR :bp2
  2006 286C A0 01			ldy #$01
  2007 286E 91 82			sta (:bp2),y
  2008
  2009 				; optimize OK (P:\_MADPascal_\GeminiShooter\GeminiShooter.pas), line = 342
  2010
  2011 2870 AD F3 33			lda PLAYERMISSILEX
  2012 2873 4C 90 28			jmp l_04A1
  2013 2876			l_047D
  2014
  2015 				; optimize OK (P:\_MADPascal_\GeminiShooter\GeminiShooter.pas), line = 344
  2016
  2017 2876 AD 4F 34			lda PMGADDR
  2018 2879 38 E9 02			sub #$02
  2019 287C 85 82			sta :bp2
  2020 287E AD 50 34			lda PMGADDR+1
  2021 2881 E9 00			sbc #$00
  2022 2883 85 83			sta :bp2+1
  2023 2885 A9 00			lda #$00
  2024 2887 A0 03			ldy #$03
  2025 2889 91 82 88 10 FB		sta:rpl (:bp2),y-
  2026
  2027 				; optimize OK (P:\_MADPascal_\GeminiShooter\GeminiShooter.pas), line = 345
  2028
  2029 288E A9 00			lda #$00
  2030 2890			l_04A1
  2031 2890 8D 04 D0			sta B_PMG.PMG_HPOSM0
  2032
  2033 				; ------------------------------------------------------------
  2034
  2035 = 344F			PMGADDR	= DATAORIGIN+$0097
  2036
  2037 = 344F			@VarData	= PMGADDR
  2038 = 0002			@VarDataSize	= 2
  2039
  2040 2893			@exit
  2041 					.ifdef @new
  2042 					lda <@VarData
  2043 					sta :ztmp
  2044 					lda >@VarData
  2045 					ldy #@VarDataSize-1
  2046 					jmp @FreeMem
  2047 					els
  2048 2893 60				rts						; ret
  2049 					eif
  2050 				.endl
  2051
  2052 2894			.local	INITSTARS					; PROCEDURE
  2053
  2054 				; optimize OK (P:\_MADPascal_\GeminiShooter\GeminiShooter.pas), line = 356
  2055
  2056 2894 A9 00			lda #$00
  2057 2896 8D 51 34			sta I
  2058
  2059 2899			l_04BB
  2060 				; --- ForToDoCondition
  2061 2899 AD 51 34			lda I
  2062 289C C9 08			cmp #$08
  2063 289E B0 4C			jcs l_04C9
  2064
  2065 				; optimize FAIL (1, P:\_MADPascal_\GeminiShooter\GeminiShooter.pas), line = 357
  2066
  2067 28A0 E8				inx
  2068 28A1 AD 51 34 95 94		mva I :STACKORIGIN,x
  2069 28A6 A9 00 95 A4			mva #$00 :STACKORIGIN+STACKWIDTH,x
  2070 28AA A9 28			lda #$28
  2071 28AC 20 09 24			jsr SYSTEM.RANDOM.@010180000
  2072 28AF B4 94			ldy :STACKORIGIN,x
  2073 28B1 AD CA 33			lda SYSTEM.RANDOM.@010180000.RESULT
  2074 28B4 99 05 34			sta adr.STARX,y
  2075
  2076 				; optimize FAIL (1, P:\_MADPascal_\GeminiShooter\GeminiShooter.pas), line = 358
  2077
  2078 28B7 AD 51 34 95 94		mva I :STACKORIGIN,x
  2079 28BC A9 00 95 A4			mva #$00 :STACKORIGIN+STACKWIDTH,x
  2080 28C0 A9 18			lda #$18
  2081 28C2 20 09 24			jsr SYSTEM.RANDOM.@010180000
  2082 28C5 B4 94			ldy :STACKORIGIN,x
  2083 28C7 AD CA 33			lda SYSTEM.RANDOM.@010180000.RESULT
  2084 28CA 99 0D 34			sta adr.STARY,y
  2085
  2086 				; optimize FAIL (1, P:\_MADPascal_\GeminiShooter\GeminiShooter.pas), line = 359
  2087
  2088 28CD AD 51 34 95 94		mva I :STACKORIGIN,x
  2089 28D2 A9 00 95 A4			mva #$00 :STACKORIGIN+STACKWIDTH,x
  2090 28D6 A9 03			lda #$03
  2091 28D8 20 09 24			jsr SYSTEM.RANDOM.@010180000
  2092 28DB AD CA 33			lda SYSTEM.RANDOM.@010180000.RESULT
  2093 28DE 18 69 01			add #$01
  2094 28E1 B4 94			ldy :STACKORIGIN,x
  2095 28E3 99 15 34			sta adr.STARSPEED,y
  2096 28E6 CA				dex
  2097
  2098 				; --- ForToDoEpilog
  2099 28E7 EE 51 34			inc I
  2100 28EA D0 AD			jne l_04BB
  2101 28EC			l_04C9
  2102
  2103 				; ------------------------------------------------------------
  2104
  2105 = 3451			I	= DATAORIGIN+$0099
  2106
  2107 = 3451			@VarData	= I
  2108 = 0001			@VarDataSize	= 1
  2109
  2110 28EC			@exit
  2111 					.ifdef @new
  2112 					lda <@VarData
  2113 					sta :ztmp
  2114 					lda >@VarData
  2115 					ldy #@VarDataSize-1
  2116 					jmp @FreeMem
  2117 					els
  2118 28EC 60				rts						; ret
  2119 					eif
  2120 				.endl
  2121
  2122 28ED			.local	UPDATESTARS					; PROCEDURE
  2123
  2124 				; optimize OK (P:\_MADPascal_\GeminiShooter\GeminiShooter.pas), line = 372
  2125
  2126 28ED A9 00			lda #$00
  2127 28EF 8D 52 34			sta I
  2128
  2129 28F2			l_04F7
  2130 				; --- ForToDoCondition
  2131 28F2 AC 52 34			ldy I
  2132 28F5 C0 08			cpy #$08
  2133 28F7 90 03 4C AC 29		jcs l_0505
  2134
  2135 				; optimize OK (P:\_MADPascal_\GeminiShooter\GeminiShooter.pas), line = 374
  2136
  2137 28FC B9 0D 34			lda adr.STARY,y
  2138 28FF 20 70 22			jsr @mul40
  2139 2902 18 6D 1D 34			add SCREENMEM
  2140 2906 85 9D			sta :STACKORIGIN+9
  2141 2908 A5 85			lda :eax+1
  2142 290A 6D 1E 34			adc SCREENMEM+1
  2143 290D 85 AD			sta :STACKORIGIN+STACKWIDTH+9
  2144 290F AC 52 34			ldy I
  2145 2912 B9 05 34			lda adr.STARX,y
  2146 2915 18 65 9D			add :STACKORIGIN+9
  2147 2918 8D 55 34			sta OLDADDR
  2148 291B A5 AD			lda :STACKORIGIN+STACKWIDTH+9
  2149 291D 69 00			adc #$00
  2150 291F 8D 56 34			sta OLDADDR+1
  2151
  2152 				; optimize OK (P:\_MADPascal_\GeminiShooter\GeminiShooter.pas), line = 375
  2153
  2154 2922 85 81			sta :bp+1
  2155 2924 AC 55 34			ldy OLDADDR
  2156 2927 A9 00			lda #$00
  2157 2929 91 80			sta (:bp),y
  2158
  2159 				; optimize OK (P:\_MADPascal_\GeminiShooter\GeminiShooter.pas), line = 378
  2160
  2161 292B AC 52 34			ldy I
  2162 292E B9 0D 34			lda adr.STARY,y
  2163 2931 18 79 15 34			add adr.STARSPEED,y
  2164 2935 99 0D 34			sta adr.STARY,y
  2165
  2166 				; optimize OK (P:\_MADPascal_\GeminiShooter\GeminiShooter.pas), line = 381
  2167
  2168 2938 C9 18			cmp #$18
  2169 293A 90 36			jcc l_0542
  2170
  2171 				; optimize OK (P:\_MADPascal_\GeminiShooter\GeminiShooter.pas), line = 382
  2172
  2173 293C A9 00			lda #$00
  2174 293E 99 0D 34			sta adr.STARY,y
  2175
  2176 				; optimize FAIL (1, P:\_MADPascal_\GeminiShooter\GeminiShooter.pas), line = 383
  2177
  2178 2941 E8				inx
  2179 2942 AD 52 34 95 94		mva I :STACKORIGIN,x
  2180 2947 A9 00 95 A4			mva #$00 :STACKORIGIN+STACKWIDTH,x
  2181 294B A9 28			lda #$28
  2182 294D 20 09 24			jsr SYSTEM.RANDOM.@010180000
  2183 2950 B4 94			ldy :STACKORIGIN,x
  2184 2952 AD CA 33			lda SYSTEM.RANDOM.@010180000.RESULT
  2185 2955 99 05 34			sta adr.STARX,y
  2186
  2187 				; optimize FAIL (1, P:\_MADPascal_\GeminiShooter\GeminiShooter.pas), line = 384
  2188
  2189 2958 AD 52 34 95 94		mva I :STACKORIGIN,x
  2190 295D A9 00 95 A4			mva #$00 :STACKORIGIN+STACKWIDTH,x
  2191 2961 A9 03			lda #$03
  2192 2963 20 09 24			jsr SYSTEM.RANDOM.@010180000
  2193 2966 AD CA 33			lda SYSTEM.RANDOM.@010180000.RESULT
  2194 2969 18 69 01			add #$01
  2195 296C B4 94			ldy :STACKORIGIN,x
  2196 296E 99 15 34			sta adr.STARSPEED,y
  2197 2971 CA				dex
  2198 2972			l_0542
  2199
  2200 				; optimize OK (P:\_MADPascal_\GeminiShooter\GeminiShooter.pas), line = 388
  2201
  2202 2972 AC 52 34			ldy I
  2203 2975 B9 0D 34			lda adr.STARY,y
  2204 2978 20 70 22			jsr @mul40
  2205 297B 18 6D 1D 34			add SCREENMEM
  2206 297F 85 9D			sta :STACKORIGIN+9
  2207 2981 A5 85			lda :eax+1
  2208 2983 6D 1E 34			adc SCREENMEM+1
  2209 2986 85 AD			sta :STACKORIGIN+STACKWIDTH+9
  2210 2988 AC 52 34			ldy I
  2211 298B B9 05 34			lda adr.STARX,y
  2212 298E 18 65 9D			add :STACKORIGIN+9
  2213 2991 8D 53 34			sta ADDR
  2214 2994 A5 AD			lda :STACKORIGIN+STACKWIDTH+9
  2215 2996 69 00			adc #$00
  2216 2998 8D 54 34			sta ADDR+1
  2217
  2218 				; optimize OK (P:\_MADPascal_\GeminiShooter\GeminiShooter.pas), line = 389
  2219
  2220 299B 85 81			sta :bp+1
  2221 299D AC 53 34			ldy ADDR
  2222 29A0 A9 0E			lda #$0E
  2223 29A2 91 80			sta (:bp),y
  2224
  2225 				; --- ForToDoEpilog
  2226 29A4 EE 52 34			inc I
  2227 29A7 F0 03 4C F2 28		jne l_04F7
  2228 29AC			l_0505
  2229
  2230 				; ------------------------------------------------------------
  2231
  2232 = 3452			I	= DATAORIGIN+$009A
  2233 = 3453			ADDR	= DATAORIGIN+$009B
  2234 = 3455			OLDADDR	= DATAORIGIN+$009D
  2235
  2236 = 3452			@VarData	= I
  2237 = 0005			@VarDataSize	= 5
  2238
  2239 29AC			@exit
  2240 					.ifdef @new
  2241 					lda <@VarData
  2242 					sta :ztmp
  2243 					lda >@VarData
  2244 					ldy #@VarDataSize-1
  2245 					jmp @FreeMem
  2246 					els
  2247 29AC 60				rts						; ret
  2248 					eif
  2249 				.endl
  2250
  2251 29AD			.local	PLAYSOUND					; PROCEDURE
  2252
  2253 				; optimize OK (P:\_MADPascal_\GeminiShooter\GeminiShooter.pas), line = 398
  2254
  2255 29AD A9 00			lda #$00
  2256 29AF 8D D0 33			sta CRT.SOUND.CHAN
  2257 29B2 AD 57 34			lda FREQ
  2258 29B5 8D D1 33			sta CRT.SOUND.FREQ
  2259 29B8 AD 58 34			lda DIST
  2260 29BB 8D D2 33			sta CRT.SOUND.DIST
  2261 29BE AD 59 34			lda VOL
  2262 29C1 8D D3 33			sta CRT.SOUND.VOL
  2263 29C4 20 95 24			jsr CRT.SOUND
  2264
  2265 				; optimize OK (P:\_MADPascal_\GeminiShooter\GeminiShooter.pas), line = 399
  2266
  2267 29C7 AD 5A 34			lda DURATION
  2268 29CA 8D 20 34			sta SOUNDTIMER
  2269
  2270 				; ------------------------------------------------------------
  2271
  2272 = 3457			FREQ	= DATAORIGIN+$009F
  2273 = 3458			DIST	= DATAORIGIN+$00A0
  2274 = 3459			VOL	= DATAORIGIN+$00A1
  2275 = 345A			DURATION	= DATAORIGIN+$00A2
  2276
  2277 = 3457			@VarData	= FREQ
  2278 = 0004			@VarDataSize	= 4
  2279
  2280 29CD			@exit
  2281 					.ifdef @new
  2282 					lda <@VarData
  2283 					sta :ztmp
  2284 					lda >@VarData
  2285 					ldy #@VarDataSize-1
  2286 					jmp @FreeMem
  2287 					els
  2288 29CD 60				rts						; ret
  2289 					eif
  2290 				.endl
  2291
  2292 29CE			.local	INITGAME					; PROCEDURE
  2293
  2294 				; optimize OK (P:\_MADPascal_\GeminiShooter\GeminiShooter.pas), line = 409
  2295
  2296 29CE A9 01			lda #$01
  2297 29D0 8D E9 33			sta GAMERUNNING
  2298
  2299 				; optimize OK (P:\_MADPascal_\GeminiShooter\GeminiShooter.pas), line = 410
  2300
  2301 29D3 A9 00			lda #$00
  2302 29D5 8D EA 33			sta GAMEOVER
  2303
  2304 				; optimize OK (P:\_MADPascal_\GeminiShooter\GeminiShooter.pas), line = 411
  2305
  2306 29D8 8D EB 33			sta SCORE
  2307 29DB 8D EC 33			sta SCORE+1
  2308
  2309 				; optimize OK (P:\_MADPascal_\GeminiShooter\GeminiShooter.pas), line = 412
  2310
  2311 29DE A9 03			lda #$03
  2312 29E0 8D ED 33			sta LIVES
  2313
  2314 				; optimize OK (P:\_MADPascal_\GeminiShooter\GeminiShooter.pas), line = 413
  2315
  2316 29E3 8D EE 33			sta MEGABOMBS
  2317
  2318 				; optimize OK (P:\_MADPascal_\GeminiShooter\GeminiShooter.pas), line = 414
  2319
  2320 29E6 A9 01			lda #$01
  2321 29E8 8D EF 33			sta LEVEL
  2322
  2323 				; optimize OK (P:\_MADPascal_\GeminiShooter\GeminiShooter.pas), line = 416
  2324
  2325 29EB A9 80			lda #$80
  2326 29ED 8D F0 33			sta PLAYERX
  2327
  2328 				; optimize OK (P:\_MADPascal_\GeminiShooter\GeminiShooter.pas), line = 417
  2329
  2330 29F0 A9 B4			lda #$B4
  2331 29F2 8D F1 33			sta PLAYERY
  2332
  2333 				; optimize OK (P:\_MADPascal_\GeminiShooter\GeminiShooter.pas), line = 418
  2334
  2335 29F5 A9 00			lda #$00
  2336 29F7 8D F2 33			sta PLAYERMISSILEACTIVE
  2337
  2338 				; optimize OK (P:\_MADPascal_\GeminiShooter\GeminiShooter.pas), line = 421
  2339
  2340 29FA A8				tay
  2341
  2342 29FB			l_05CA
  2343 				; --- ForToDoCondition
  2344 29FB C0 03			cpy #$03
  2345 29FD B0 0E			jcs l_05D8
  2346
  2347 				; optimize OK (P:\_MADPascal_\GeminiShooter\GeminiShooter.pas), line = 422
  2348
  2349 29FF A9 00			lda #$00
  2350 2A01 99 FE 33			sta adr.ENEMYSTATE,y
  2351
  2352 				; optimize OK (P:\_MADPascal_\GeminiShooter\GeminiShooter.pas), line = 423
  2353
  2354 2A04 99 F5 33			sta adr.ENEMYX,y
  2355
  2356 				; optimize OK (P:\_MADPascal_\GeminiShooter\GeminiShooter.pas), line = 424
  2357
  2358 2A07 99 F8 33			sta adr.ENEMYY,y
  2359
  2360 				; --- ForToDoEpilog
  2361 2A0A C8				iny
  2362 2A0B D0 EE			jne l_05CA
  2363 2A0D			l_05D8
  2364 2A0D 8C 5B 34			sty I
  2365
  2366 				; optimize OK (P:\_MADPascal_\GeminiShooter\GeminiShooter.pas), line = 427
  2367
  2368 2A10 A9 32			lda #$32
  2369 2A12 8D 04 34			sta ENEMYSPAWNTIMER
  2370
  2371 				; optimize OK (P:\_MADPascal_\GeminiShooter\GeminiShooter.pas), line = 428
  2372
  2373 2A15 A9 00			lda #$00
  2374 2A17 8D 1F 34			sta FRAMECOUNTER
  2375
  2376 				; optimize OK (P:\_MADPascal_\GeminiShooter\GeminiShooter.pas), line = 429
  2377
  2378 2A1A A9 01			lda #$01
  2379 2A1C 8D 3A 34			sta LASTTRIGGER
  2380
  2381 				; optimize OK (P:\_MADPascal_\GeminiShooter\GeminiShooter.pas), line = 432
  2382
  2383 2A1F AD 1D 34			lda SCREENMEM
  2384 2A22 85 88			sta SYSTEM.FILLCHAR.@03018000001810000188000.A
  2385 2A24 AD 1E 34			lda SCREENMEM+1
  2386 2A27 85 89			sta SYSTEM.FILLCHAR.@03018000001810000188000.A+1
  2387 2A29 A9 C0			lda #$C0
  2388 2A2B 85 8C			sta SYSTEM.FILLCHAR.@03018000001810000188000.COUNT
  2389 2A2D A9 03			lda #$03
  2390 2A2F 85 8D			sta SYSTEM.FILLCHAR.@03018000001810000188000.COUNT+1
  2391 2A31 A9 00			lda #$00
  2392 2A33 85 84			sta SYSTEM.FILLCHAR.@03018000001810000188000.VALUE
  2393 2A35				.LOCAL +MAIN.SYSTEM.FILLCHAR.@03018000001810000188000
  2394 2A35				m@INLINE
Macro: MAIN.SYSTEM.FILLCHAR.@03018000001810000188000.M@INLINE [Source: GeminiShooter.a65]
     5 2A35 20 72 21			jsr @fill
Source: GeminiShooter.a65
  2395 					.ENDL
  2396
  2397 				; optimize FAIL ('INITSTARS', P:\_MADPascal_\GeminiShooter\GeminiShooter.pas), line = 435
  2398
  2399 2A38 20 94 28			jsr INITSTARS
  2400
  2401 				; optimize FAIL ('DRAWPLAYER', P:\_MADPascal_\GeminiShooter\GeminiShooter.pas), line = 438
  2402
  2403 2A3B 20 15 27			jsr DRAWPLAYER
  2404
  2405 				; ------------------------------------------------------------
  2406
  2407 = 345B			I	= DATAORIGIN+$00A3
  2408
  2409 = 345B			@VarData	= I
  2410 = 0001			@VarDataSize	= 1
  2411
  2412 2A3E			@exit
  2413 					.ifdef @new
  2414 					lda <@VarData
  2415 					sta :ztmp
  2416 					lda >@VarData
  2417 					ldy #@VarDataSize-1
  2418 					jmp @FreeMem
  2419 					els
  2420 2A3E 60				rts						; ret
  2421 					eif
  2422 				.endl
  2423
  2424 2A3F			.local	SPAWNENEMY					; PROCEDURE
  2425
  2426 				; optimize OK (P:\_MADPascal_\GeminiShooter\GeminiShooter.pas), line = 448
  2427
  2428 2A3F A9 00			lda #$00
  2429 2A41 8D 5C 34			sta I
  2430
  2431 2A44			l_0612
  2432 				; --- ForToDoCondition
  2433 2A44 AC 5C 34			ldy I
  2434 2A47 C0 03			cpy #$03
  2435 2A49 B0 65			jcs l_0620
  2436
  2437 				; optimize OK (P:\_MADPascal_\GeminiShooter\GeminiShooter.pas), line = 449
  2438
  2439 2A4B B9 FE 33			lda adr.ENEMYSTATE,y
  2440 2A4E D0 5B			jne l_0635
  2441
  2442 				; optimize FAIL (1, P:\_MADPascal_\GeminiShooter\GeminiShooter.pas), line = 450
  2443
  2444 2A50 E8				inx
  2445 2A51 AD 5C 34 95 94		mva I :STACKORIGIN,x
  2446 2A56 A9 00 95 A4			mva #$00 :STACKORIGIN+STACKWIDTH,x
  2447 2A5A A9 A0			lda #$A0
  2448 2A5C 20 09 24			jsr SYSTEM.RANDOM.@010180000
  2449 2A5F AD CA 33			lda SYSTEM.RANDOM.@010180000.RESULT
  2450 2A62 18 69 30			add #$30
  2451 2A65 B4 94			ldy :STACKORIGIN,x
  2452 2A67 99 F5 33			sta adr.ENEMYX,y
  2453 2A6A CA				dex
  2454
  2455 				; optimize OK (P:\_MADPascal_\GeminiShooter\GeminiShooter.pas), line = 451
  2456
  2457 2A6B AC 5C 34			ldy I
  2458 2A6E A9 28			lda #$28
  2459 2A70 99 F8 33			sta adr.ENEMYY,y
  2460
  2461 				; optimize FAIL (1, P:\_MADPascal_\GeminiShooter\GeminiShooter.pas), line = 452
  2462
  2463 2A73 E8				inx
  2464 2A74 AD 5C 34 95 94		mva I :STACKORIGIN,x
  2465 2A79 A9 00 95 A4			mva #$00 :STACKORIGIN+STACKWIDTH,x
  2466 2A7D A9 05			lda #$05
  2467 2A7F 20 09 24			jsr SYSTEM.RANDOM.@010180000
  2468 2A82 AD CA 33			lda SYSTEM.RANDOM.@010180000.RESULT
  2469 2A85 38 E9 02			sub #$02
  2470 2A88 B4 94			ldy :STACKORIGIN,x
  2471 2A8A 99 FB 33			sta adr.ENEMYDX,y
  2472 2A8D CA				dex
  2473
  2474 				; optimize OK (P:\_MADPascal_\GeminiShooter\GeminiShooter.pas), line = 453
  2475
  2476 2A8E AC 5C 34			ldy I
  2477 2A91 B9 FB 33			lda adr.ENEMYDX,y
  2478 2A94 D0 05			jne l_066A
  2479 2A96 A9 01			lda #$01
  2480 2A98 99 FB 33			sta adr.ENEMYDX,y
  2481 2A9B			l_066A
  2482
  2483 				; optimize OK (P:\_MADPascal_\GeminiShooter\GeminiShooter.pas), line = 454
  2484
  2485 2A9B AC 5C 34			ldy I
  2486 2A9E A9 01			lda #$01
  2487 2AA0 99 FE 33			sta adr.ENEMYSTATE,y
  2488
  2489 				; optimize OK (P:\_MADPascal_\GeminiShooter\GeminiShooter.pas), line = 455
  2490
  2491 2AA3 A9 00			lda #$00
  2492 2AA5 99 01 34			sta adr.ENEMYEXPLODETIMER,y
  2493 2AA8 4C B0 2A			jmp @exit
  2494 2AAB			l_0635
  2495
  2496 				; --- ForToDoEpilog
  2497 2AAB EE 5C 34			inc I
  2498 2AAE D0 94			jne l_0612
  2499 2AB0			l_0620
  2500
  2501 				; ------------------------------------------------------------
  2502
  2503 = 345C			I	= DATAORIGIN+$00A4
  2504
  2505 = 345C			@VarData	= I
  2506 = 0001			@VarDataSize	= 1
  2507
  2508 2AB0			@exit
  2509 					.ifdef @new
  2510 					lda <@VarData
  2511 					sta :ztmp
  2512 					lda >@VarData
  2513 					ldy #@VarDataSize-1
  2514 					jmp @FreeMem
  2515 					els
  2516 2AB0 60				rts						; ret
  2517 					eif
  2518 				.endl
  2519
  2520 2AB1			.local	UPDATEENEMIES					; PROCEDURE
  2521
  2522 				; optimize OK (P:\_MADPascal_\GeminiShooter\GeminiShooter.pas), line = 468
  2523
  2524 2AB1 A9 00			lda #$00
  2525 2AB3 8D 5D 34			sta I
  2526
  2527 2AB6			l_0696
  2528 				; --- ForToDoCondition
  2529 2AB6 AC 5D 34			ldy I
  2530 2AB9 C0 03			cpy #$03
  2531 2ABB 90 03 4C 6E 2B		jcs l_06A4
  2532
  2533 				; optimize OK (P:\_MADPascal_\GeminiShooter\GeminiShooter.pas), line = 469
  2534
  2535 2AC0 B9 FE 33			lda adr.ENEMYSTATE,y
  2536 2AC3 8D 5E 34			sta @CASETMP_0008
  2537 2AC6 C9 01			cmp #$01
  2538 2AC8 D0 7A			jne l_06B2
  2539 				@
  2540
  2541 				; optimize OK (P:\_MADPascal_\GeminiShooter\GeminiShooter.pas), line = 472
  2542
  2543 2ACA AC 5D 34			ldy I
  2544 2ACD B9 F5 33			lda adr.ENEMYX,y
  2545 2AD0 18 79 FB 33			add adr.ENEMYDX,y
  2546 2AD4 99 F5 33			sta adr.ENEMYX,y
  2547
  2548 				; optimize OK (P:\_MADPascal_\GeminiShooter\GeminiShooter.pas), line = 473
  2549
  2550 2AD7 AD EF 33			lda LEVEL
  2551 2ADA 85 9F			sta :STACKORIGIN+11
  2552 2ADC 4A				lsr @
  2553 2ADD 69 15			adc #$15
  2554 2ADF 4A				lsr @
  2555 2AE0 6D EF 33			adc LEVEL
  2556 2AE3 6A				ror @
  2557 2AE4 4A				lsr @
  2558 2AE5 65 9F			adc :STACKORIGIN+11
  2559 2AE7 6A				ror @
  2560 2AE8 4A				lsr @
  2561 2AE9 65 9F			adc :STACKORIGIN+11
  2562 2AEB 6A				ror @
  2563 2AEC 4A				lsr @
  2564 2AED 18 69 01			add #$01
  2565 2AF0 18 79 F8 33			add adr.ENEMYY,y
  2566 2AF4 99 F8 33			sta adr.ENEMYY,y
  2567
  2568 				; optimize OK (P:\_MADPascal_\GeminiShooter\GeminiShooter.pas), line = 476
  2569
  2570 2AF7 B9 F5 33			lda adr.ENEMYX,y
  2571 2AFA C9 30			cmp #$30
  2572 2AFC B0 0E			jcs l_06EA
  2573
  2574 				; optimize OK (P:\_MADPascal_\GeminiShooter\GeminiShooter.pas), line = 477
  2575
  2576 2AFE A9 30			lda #$30
  2577 2B00 99 F5 33			sta adr.ENEMYX,y
  2578
  2579 				; optimize OK (P:\_MADPascal_\GeminiShooter\GeminiShooter.pas), line = 478
  2580
  2581 2B03 A9 00			lda #$00
  2582 2B05 38 F9 FB 33			sub adr.ENEMYDX,y
  2583 2B09 99 FB 33			sta adr.ENEMYDX,y
  2584 2B0C			l_06EA
  2585
  2586 				; optimize OK (P:\_MADPascal_\GeminiShooter\GeminiShooter.pas), line = 480
  2587
  2588 2B0C AC 5D 34			ldy I
  2589 2B0F B9 F5 33			lda adr.ENEMYX,y
  2590 2B12 C9 C9			cmp #$C9
  2591 2B14 90 0E			jcc l_0718
  2592
  2593 				; optimize OK (P:\_MADPascal_\GeminiShooter\GeminiShooter.pas), line = 481
  2594
  2595 2B16 A9 C8			lda #$C8
  2596 2B18 99 F5 33			sta adr.ENEMYX,y
  2597
  2598 				; optimize OK (P:\_MADPascal_\GeminiShooter\GeminiShooter.pas), line = 482
  2599
  2600 2B1B A9 00			lda #$00
  2601 2B1D 38 F9 FB 33			sub adr.ENEMYDX,y
  2602 2B21 99 FB 33			sta adr.ENEMYDX,y
  2603 2B24			l_0718
  2604
  2605 				; optimize OK (P:\_MADPascal_\GeminiShooter\GeminiShooter.pas), line = 486
  2606
  2607 2B24 AC 5D 34			ldy I
  2608 2B27 B9 F8 33			lda adr.ENEMYY,y
  2609 2B2A C9 DD			cmp #$DD
  2610 2B2C 90 0D			jcc l_0746
  2611
  2612 				; optimize OK (P:\_MADPascal_\GeminiShooter\GeminiShooter.pas), line = 487
  2613
  2614 2B2E A9 00			lda #$00
  2615 2B30 99 FE 33			sta adr.ENEMYSTATE,y
  2616
  2617 				; optimize OK (P:\_MADPascal_\GeminiShooter\GeminiShooter.pas), line = 489
  2618
  2619 2B33 AD ED 33			lda LIVES
  2620 2B36 F0 03			jeq l_0760
  2621 2B38 CE ED 33			dec LIVES
  2622 2B3B			l_0760
  2623 2B3B			l_0746
  2624
  2625 				; optimize OK (P:\_MADPascal_\GeminiShooter\GeminiShooter.pas), line = 492
  2626
  2627 2B3B AD 5D 34			lda I
  2628 2B3E 20 5E 27			jsr DRAWENEMY
  2629 2B41 4C 66 2B			jmp a_0008
  2630 2B44			l_06B2
  2631 2B44 C9 02			cmp #$02
  2632 2B46 D0 1E			jne l_0774
  2633
  2634 				; optimize OK (P:\_MADPascal_\GeminiShooter\GeminiShooter.pas), line = 496
  2635
  2636 2B48 AC 5D 34			ldy I
  2637 2B4B B9 01 34			lda adr.ENEMYEXPLODETIMER,y
  2638 2B4E 18 69 01			add #$01
  2639 2B51 99 01 34			sta adr.ENEMYEXPLODETIMER,y
  2640
  2641 				; optimize OK (P:\_MADPascal_\GeminiShooter\GeminiShooter.pas), line = 497
  2642
  2643 2B54 C9 0B			cmp #$0B
  2644 2B56 90 08			jcc l_078D
  2645
  2646 				; optimize OK (P:\_MADPascal_\GeminiShooter\GeminiShooter.pas), line = 498
  2647
  2648 2B58 A9 00			lda #$00
  2649 2B5A 99 FE 33			sta adr.ENEMYSTATE,y
  2650 				; optimize OK (P:\_MADPascal_\GeminiShooter\GeminiShooter.pas), line = 500
  2651 2B5D 4C 60 2B			jmp l_07A2
  2652 2B60			l_078D
  2653 2B60			l_07A2
  2654
  2655 				; optimize OK (P:\_MADPascal_\GeminiShooter\GeminiShooter.pas), line = 502
  2656
  2657 2B60 AD 5D 34			lda I
  2658 2B63 20 5E 27			jsr DRAWENEMY
  2659 2B66			l_0774
  2660 2B66			a_0008
  2661
  2662 				; --- ForToDoEpilog
  2663 2B66 EE 5D 34			inc I
  2664 2B69 F0 03 4C B6 2A		jne l_0696
  2665 2B6E			l_06A4
  2666
  2667 				; ------------------------------------------------------------
  2668
  2669 = 345D			I	= DATAORIGIN+$00A5
  2670 = 345E			@CASETMP_0008	= DATAORIGIN+$00A6
  2671
  2672 = 345D			@VarData	= I
  2673 = 0002			@VarDataSize	= 2
  2674
  2675 2B6E			@exit
  2676 					.ifdef @new
  2677 					lda <@VarData
  2678 					sta :ztmp
  2679 					lda >@VarData
  2680 					ldy #@VarDataSize-1
  2681 					jmp @FreeMem
  2682 					els
  2683 2B6E 60				rts						; ret
  2684 					eif
  2685 				.endl
  2686
  2687 2B6F			.local	CHECKMISSILECOLLISION				; PROCEDURE
  2688
  2689 				; optimize OK (P:\_MADPascal_\GeminiShooter\GeminiShooter.pas), line = 516
  2690
  2691 2B6F AD F2 33			lda PLAYERMISSILEACTIVE
  2692 2B72 D0 03 4C 31 2C		jeq @exit
  2693 2B77			l_07C2
  2694
  2695 				; optimize OK (P:\_MADPascal_\GeminiShooter\GeminiShooter.pas), line = 518
  2696
  2697 2B77 A9 00			lda #$00
  2698 2B79 8D 5F 34			sta I
  2699
  2700 2B7C			l_07CE
  2701 				; --- ForToDoCondition
  2702 2B7C AC 5F 34			ldy I
  2703 2B7F C0 03			cpy #$03
  2704 2B81 90 03 4C 31 2C		jcs l_07DC
  2705
  2706 				; optimize OK (P:\_MADPascal_\GeminiShooter\GeminiShooter.pas), line = 519
  2707
  2708 2B86 B9 FE 33			lda adr.ENEMYSTATE,y
  2709 2B89 C9 01			cmp #$01
  2710 2B8B F0 03 4C 29 2C		jne l_07F1
  2711
  2712 				; optimize OK (P:\_MADPascal_\GeminiShooter\GeminiShooter.pas), line = 520
  2713
  2714 2B90 AD F3 33			lda PLAYERMISSILEX
  2715 2B93 38 F9 F5 33			sub adr.ENEMYX,y
  2716 2B97 8D 60 34			sta DX
  2717
  2718 				; optimize OK (P:\_MADPascal_\GeminiShooter\GeminiShooter.pas), line = 521
  2719
  2720 2B9A AD F4 33			lda PLAYERMISSILEY
  2721 2B9D 38 F9 F8 33			sub adr.ENEMYY,y
  2722 2BA1 8D 61 34			sta DY
  2723
  2724 				; optimize OK (P:\_MADPascal_\GeminiShooter\GeminiShooter.pas), line = 524
  2725
  2726 2BA4 AD 60 34			lda DX
  2727 2BA7 20 94 23			jsr SYSTEM.ABS.@010183000
  2728 2BAA E8				inx
  2729 2BAB A0 01			ldy #1
  2730 2BAD A5 90			lda SYSTEM.ABS.@010183000.RESULT
  2731 2BAF 38 E9 0C			sub #$0C
  2732 2BB2 50 02			svc
  2733 2BB4 49 80			eor #$80
  2734 2BB6 30 01			bmi @+
  2735 2BB8 88				dey
  2736 				@
  2737 2BB9 94 94			sty :STACKORIGIN,x
  2738 2BBB AD 61 34			lda DY
  2739 2BBE 20 94 23			jsr SYSTEM.ABS.@010183000
  2740 2BC1 CA				dex
  2741 2BC2 A0 01			ldy #1
  2742 2BC4 A5 90			lda SYSTEM.ABS.@010183000.RESULT
  2743 2BC6 38 E9 0C			sub #$0C
  2744 2BC9 50 02			svc
  2745 2BCB 49 80			eor #$80
  2746 2BCD 30 01			bmi @+
  2747 2BCF 88				dey
  2748 				@
  2749 2BD0 98				tya
  2750 2BD1 35 95			and :STACKORIGIN+1,x
  2751 2BD3 F0 54			jeq l_0830
  2752
  2753 				; optimize OK (P:\_MADPascal_\GeminiShooter\GeminiShooter.pas), line = 526
  2754
  2755 2BD5 AC 5F 34			ldy I
  2756 2BD8 A9 02			lda #$02
  2757 2BDA 99 FE 33			sta adr.ENEMYSTATE,y
  2758
  2759 				; optimize OK (P:\_MADPascal_\GeminiShooter\GeminiShooter.pas), line = 527
  2760
  2761 2BDD A9 00			lda #$00
  2762 2BDF 99 01 34			sta adr.ENEMYEXPLODETIMER,y
  2763
  2764 				; optimize OK (P:\_MADPascal_\GeminiShooter\GeminiShooter.pas), line = 528
  2765
  2766 2BE2 8D F2 33			sta PLAYERMISSILEACTIVE
  2767
  2768 				; optimize OK (P:\_MADPascal_\GeminiShooter\GeminiShooter.pas), line = 531
  2769
  2770 2BE5 85 AD			sta :STACKORIGIN+STACKWIDTH+9
  2771 2BE7 AD EF 33			lda LEVEL
  2772 2BEA 0A				asl @
  2773 2BEB 26 AD			rol :STACKORIGIN+STACKWIDTH+9
  2774 2BED 0A				asl @
  2775 2BEE 26 AD			rol :STACKORIGIN+STACKWIDTH+9
  2776 2BF0 18 6D EF 33			add LEVEL
  2777 2BF4 85 9D			sta :STACKORIGIN+9
  2778 2BF6 A5 AD			lda :STACKORIGIN+STACKWIDTH+9
  2779 2BF8 69 00			adc #$00
  2780 2BFA 85 AD			sta :STACKORIGIN+STACKWIDTH+9
  2781 2BFC 06 9D			asl :STACKORIGIN+9
  2782 2BFE 26 AD			rol :STACKORIGIN+STACKWIDTH+9
  2783 2C00 AD EB 33			lda SCORE
  2784 2C03 18 65 9D			add :STACKORIGIN+9
  2785 2C06 8D EB 33			sta SCORE
  2786 2C09 AD EC 33			lda SCORE+1
  2787 2C0C 65 AD			adc :STACKORIGIN+STACKWIDTH+9
  2788 2C0E 8D EC 33			sta SCORE+1
  2789
  2790 				; optimize OK (P:\_MADPascal_\GeminiShooter\GeminiShooter.pas), line = 534
  2791
  2792 2C11 A9 C8			lda #$C8
  2793 2C13 8D 57 34			sta PLAYSOUND.FREQ
  2794 2C16 A9 08			lda #$08
  2795 2C18 8D 58 34			sta PLAYSOUND.DIST
  2796 2C1B A9 0A			lda #$0A
  2797 2C1D 8D 59 34			sta PLAYSOUND.VOL
  2798 2C20 8D 5A 34			sta PLAYSOUND.DURATION
  2799 2C23 20 AD 29			jsr PLAYSOUND
  2800 2C26 4C 31 2C			jmp @exit
  2801 2C29			l_0830
  2802 2C29			l_07F1
  2803
  2804 				; --- ForToDoEpilog
  2805 2C29 EE 5F 34			inc I
  2806 2C2C F0 03 4C 7C 2B		jne l_07CE
  2807 2C31			l_07DC
  2808
  2809 				; ------------------------------------------------------------
  2810
  2811 = 345F			I	= DATAORIGIN+$00A7
  2812 = 3460			DX	= DATAORIGIN+$00A8
  2813 = 3461			DY	= DATAORIGIN+$00A9
  2814
  2815 = 345F			@VarData	= I
  2816 = 0003			@VarDataSize	= 3
  2817
  2818 2C31			@exit
  2819 					.ifdef @new
  2820 					lda <@VarData
  2821 					sta :ztmp
  2822 					lda >@VarData
  2823 					ldy #@VarDataSize-1
  2824 					jmp @FreeMem
  2825 					els
  2826 2C31 60				rts						; ret
  2827 					eif
  2828 				.endl
  2829
  2830 2C32			.local	CHECKPLAYERCOLLISION				; PROCEDURE
  2831
  2832 				; optimize OK (P:\_MADPascal_\GeminiShooter\GeminiShooter.pas), line = 550
  2833
  2834 2C32 A9 00			lda #$00
  2835 2C34 8D 62 34			sta I
  2836
  2837 2C37			l_0865
  2838 				; --- ForToDoCondition
  2839 2C37 AC 62 34			ldy I
  2840 2C3A C0 03			cpy #$03
  2841 2C3C 90 03 4C C2 2C		jcs l_0873
  2842
  2843 				; optimize OK (P:\_MADPascal_\GeminiShooter\GeminiShooter.pas), line = 551
  2844
  2845 2C41 B9 FE 33			lda adr.ENEMYSTATE,y
  2846 2C44 C9 01			cmp #$01
  2847 2C46 D0 72			jne l_0888
  2848
  2849 				; optimize OK (P:\_MADPascal_\GeminiShooter\GeminiShooter.pas), line = 552
  2850
  2851 2C48 AD F0 33			lda PLAYERX
  2852 2C4B 38 F9 F5 33			sub adr.ENEMYX,y
  2853 2C4F 8D 63 34			sta DX
  2854
  2855 				; optimize OK (P:\_MADPascal_\GeminiShooter\GeminiShooter.pas), line = 553
  2856
  2857 2C52 AD F1 33			lda PLAYERY
  2858 2C55 38 F9 F8 33			sub adr.ENEMYY,y
  2859 2C59 8D 64 34			sta DY
  2860
  2861 				; optimize OK (P:\_MADPascal_\GeminiShooter\GeminiShooter.pas), line = 556
  2862
  2863 2C5C AD 63 34			lda DX
  2864 2C5F 20 94 23			jsr SYSTEM.ABS.@010183000
  2865 2C62 E8				inx
  2866 2C63 A0 01			ldy #1
  2867 2C65 A5 90			lda SYSTEM.ABS.@010183000.RESULT
  2868 2C67 38 E9 0A			sub #$0A
  2869 2C6A 50 02			svc
  2870 2C6C 49 80			eor #$80
  2871 2C6E 30 01			bmi @+
  2872 2C70 88				dey
  2873 				@
  2874 2C71 94 94			sty :STACKORIGIN,x
  2875 2C73 AD 64 34			lda DY
  2876 2C76 20 94 23			jsr SYSTEM.ABS.@010183000
  2877 2C79 CA				dex
  2878 2C7A A0 01			ldy #1
  2879 2C7C A5 90			lda SYSTEM.ABS.@010183000.RESULT
  2880 2C7E 38 E9 0A			sub #$0A
  2881 2C81 50 02			svc
  2882 2C83 49 80			eor #$80
  2883 2C85 30 01			bmi @+
  2884 2C87 88				dey
  2885 				@
  2886 2C88 98				tya
  2887 2C89 35 95			and :STACKORIGIN+1,x
  2888 2C8B F0 2D			jeq l_08C7
  2889
  2890 				; optimize OK (P:\_MADPascal_\GeminiShooter\GeminiShooter.pas), line = 558
  2891
  2892 2C8D AC 62 34			ldy I
  2893 2C90 A9 02			lda #$02
  2894 2C92 99 FE 33			sta adr.ENEMYSTATE,y
  2895
  2896 				; optimize OK (P:\_MADPascal_\GeminiShooter\GeminiShooter.pas), line = 559
  2897
  2898 2C95 A9 00			lda #$00
  2899 2C97 99 01 34			sta adr.ENEMYEXPLODETIMER,y
  2900
  2901 				; optimize OK (P:\_MADPascal_\GeminiShooter\GeminiShooter.pas), line = 561
  2902
  2903 2C9A AD ED 33			lda LIVES
  2904 2C9D F0 03			jeq l_08E8
  2905 2C9F CE ED 33			dec LIVES
  2906 2CA2			l_08E8
  2907
  2908 				; optimize OK (P:\_MADPascal_\GeminiShooter\GeminiShooter.pas), line = 564
  2909
  2910 2CA2 A9 C8			lda #$C8
  2911 2CA4 8D 57 34			sta PLAYSOUND.FREQ
  2912 2CA7 A9 0A			lda #$0A
  2913 2CA9 8D 58 34			sta PLAYSOUND.DIST
  2914 2CAC A9 0F			lda #$0F
  2915 2CAE 8D 59 34			sta PLAYSOUND.VOL
  2916 2CB1 8D 5A 34			sta PLAYSOUND.DURATION
  2917 2CB4 20 AD 29			jsr PLAYSOUND
  2918 2CB7 4C C2 2C			jmp @exit
  2919 2CBA			l_08C7
  2920 2CBA			l_0888
  2921
  2922 				; --- ForToDoEpilog
  2923 2CBA EE 62 34			inc I
  2924 2CBD F0 03 4C 37 2C		jne l_0865
  2925 2CC2			l_0873
  2926
  2927 				; ------------------------------------------------------------
  2928
  2929 = 3462			I	= DATAORIGIN+$00AA
  2930 = 3463			DX	= DATAORIGIN+$00AB
  2931 = 3464			DY	= DATAORIGIN+$00AC
  2932
  2933 = 3462			@VarData	= I
  2934 = 0003			@VarDataSize	= 3
  2935
  2936 2CC2			@exit
  2937 					.ifdef @new
  2938 					lda <@VarData
  2939 					sta :ztmp
  2940 					lda >@VarData
  2941 					ldy #@VarDataSize-1
  2942 					jmp @FreeMem
  2943 					els
  2944 2CC2 60				rts						; ret
  2945 					eif
  2946 				.endl
  2947
  2948 2CC3			.local	ACTIVATEMEGABOMB				; PROCEDURE
  2949
  2950 				; optimize OK (P:\_MADPascal_\GeminiShooter\GeminiShooter.pas), line = 579
  2951
  2952 2CC3 AD EE 33			lda MEGABOMBS
  2953 2CC6 F0 69			jeq @exit
  2954 2CC8			l_0913
  2955
  2956 				; optimize FAIL (0, P:\_MADPascal_\GeminiShooter\GeminiShooter.pas), line = 581
  2957
  2958 2CC8 CE EE 33			dec MEGABOMBS
  2959
  2960 				; optimize OK (P:\_MADPascal_\GeminiShooter\GeminiShooter.pas), line = 584
  2961
  2962 2CCB A9 00			lda #$00
  2963 2CCD A8				tay
  2964
  2965 2CCE			l_0923
  2966 				; --- ForToDoCondition
  2967 2CCE C0 03			cpy #$03
  2968 2CD0 B0 40			jcs l_0931
  2969
  2970 				; optimize OK (P:\_MADPascal_\GeminiShooter\GeminiShooter.pas), line = 585
  2971
  2972 2CD2 B9 FE 33			lda adr.ENEMYSTATE,y
  2973 2CD5 C9 01			cmp #$01
  2974 2CD7 D0 36			jne l_0946
  2975
  2976 				; optimize OK (P:\_MADPascal_\GeminiShooter\GeminiShooter.pas), line = 586
  2977
  2978 2CD9 A9 02			lda #$02
  2979 2CDB 99 FE 33			sta adr.ENEMYSTATE,y
  2980
  2981 				; optimize OK (P:\_MADPascal_\GeminiShooter\GeminiShooter.pas), line = 587
  2982
  2983 2CDE A9 00			lda #$00
  2984 2CE0 99 01 34			sta adr.ENEMYEXPLODETIMER,y
  2985
  2986 				; optimize OK (P:\_MADPascal_\GeminiShooter\GeminiShooter.pas), line = 588
  2987
  2988 2CE3 85 AD			sta :STACKORIGIN+STACKWIDTH+9
  2989 2CE5 AD EF 33			lda LEVEL
  2990 2CE8 0A				asl @
  2991 2CE9 26 AD			rol :STACKORIGIN+STACKWIDTH+9
  2992 2CEB 0A				asl @
  2993 2CEC 26 AD			rol :STACKORIGIN+STACKWIDTH+9
  2994 2CEE 18 6D EF 33			add LEVEL
  2995 2CF2 85 9D			sta :STACKORIGIN+9
  2996 2CF4 A5 AD			lda :STACKORIGIN+STACKWIDTH+9
  2997 2CF6 69 00			adc #$00
  2998 2CF8 85 AD			sta :STACKORIGIN+STACKWIDTH+9
  2999 2CFA 06 9D			asl :STACKORIGIN+9
  3000 2CFC 26 AD			rol :STACKORIGIN+STACKWIDTH+9
  3001 2CFE AD EB 33			lda SCORE
  3002 2D01 18 65 9D			add :STACKORIGIN+9
  3003 2D04 8D EB 33			sta SCORE
  3004 2D07 AD EC 33			lda SCORE+1
  3005 2D0A 65 AD			adc :STACKORIGIN+STACKWIDTH+9
  3006 2D0C 8D EC 33			sta SCORE+1
  3007 2D0F			l_0946
  3008
  3009 				; --- ForToDoEpilog
  3010 2D0F C8				iny
  3011 2D10 D0 BC			jne l_0923
  3012 2D12			l_0931
  3013 2D12 8C 65 34			sty I
  3014
  3015 				; optimize OK (P:\_MADPascal_\GeminiShooter\GeminiShooter.pas), line = 593
  3016
  3017 2D15 A9 0F			lda #$0F
  3018 2D17 8D C6 02			sta ATARI.COLOR2
  3019
  3020 				; optimize OK (P:\_MADPascal_\GeminiShooter\GeminiShooter.pas), line = 596
  3021
  3022 2D1A A9 32			lda #$32
  3023 2D1C 8D 57 34			sta PLAYSOUND.FREQ
  3024 2D1F A9 0C			lda #$0C
  3025 2D21 8D 58 34			sta PLAYSOUND.DIST
  3026 2D24 A9 0F			lda #$0F
  3027 2D26 8D 59 34			sta PLAYSOUND.VOL
  3028 2D29 A9 14			lda #$14
  3029 2D2B 8D 5A 34			sta PLAYSOUND.DURATION
  3030 2D2E 20 AD 29			jsr PLAYSOUND
  3031
  3032 				; ------------------------------------------------------------
  3033
  3034 = 3465			I	= DATAORIGIN+$00AD
  3035
  3036 = 3465			@VarData	= I
  3037 = 0001			@VarDataSize	= 1
  3038
  3039 2D31			@exit
  3040 					.ifdef @new
  3041 					lda <@VarData
  3042 					sta :ztmp
  3043 					lda >@VarData
  3044 					ldy #@VarDataSize-1
  3045 					jmp @FreeMem
  3046 					els
  3047 2D31 60				rts						; ret
  3048 					eif
  3049 				.endl
  3050
  3051 2D32			.local	HANDLEINPUT					; PROCEDURE
  3052
  3053 				; optimize OK (P:\_MADPascal_\GeminiShooter\GeminiShooter.pas), line = 608
  3054
  3055 2D32			?volatile:
  3056 2D32 AD 78 02			lda JOYSTICK.STICK0
  3057 2D35 8D 66 34			sta STICK
  3058
  3059 				; optimize OK (P:\_MADPascal_\GeminiShooter\GeminiShooter.pas), line = 609
  3060
  3061 2D38			?volatile:
  3062 2D38 AD 84 02			lda JOYSTICK.STRIG0
  3063 2D3B 8D 67 34			sta TRIGGER
  3064
  3065 				; optimize OK (P:\_MADPascal_\GeminiShooter\GeminiShooter.pas), line = 612
  3066
  3067 2D3E AD 66 34			lda STICK
  3068 2D41 29 04			and #$04
  3069 2D43 D0 1B			jne l_0992
  3070
  3071 				; optimize OK (P:\_MADPascal_\GeminiShooter\GeminiShooter.pas), line = 613
  3072
  3073 2D45 A9 C8			lda #$C8
  3074 2D47 CD F0 33			cmp PLAYERX
  3075 2D4A 90 08			jcc l_09A5
  3076 2D4C AD F0 33			lda PLAYERX
  3077 2D4F E9 02			sbc #$02
  3078 2D51 8D F0 33			sta PLAYERX
  3079 2D54			l_09A5
  3080
  3081 				; optimize OK (P:\_MADPascal_\GeminiShooter\GeminiShooter.pas), line = 614
  3082
  3083 2D54 AD F0 33			lda PLAYERX
  3084 2D57 C9 30			cmp #$30
  3085 2D59 B0 05			jcs l_09BB
  3086 2D5B A9 C8			lda #$C8
  3087 2D5D 8D F0 33			sta PLAYERX
  3088 2D60			l_09BB
  3089 2D60			l_0992
  3090
  3091 				; optimize OK (P:\_MADPascal_\GeminiShooter\GeminiShooter.pas), line = 616
  3092
  3093 2D60 AD 66 34			lda STICK
  3094 2D63 29 08			and #$08
  3095 2D65 D0 19			jne l_09DA
  3096
  3097 				; optimize OK (P:\_MADPascal_\GeminiShooter\GeminiShooter.pas), line = 617
  3098
  3099 2D67 AD F0 33			lda PLAYERX
  3100 2D6A C9 30			cmp #$30
  3101 2D6C 90 06			jcc l_09ED
  3102 2D6E 18 69 02			add #$02
  3103 2D71 8D F0 33			sta PLAYERX
  3104 2D74			l_09ED
  3105
  3106 				; optimize OK (P:\_MADPascal_\GeminiShooter\GeminiShooter.pas), line = 618
  3107
  3108 2D74 AD F0 33			lda PLAYERX
  3109 2D77 C9 C9			cmp #$C9
  3110 2D79 90 05			jcc l_0A03
  3111 2D7B A9 30			lda #$30
  3112 2D7D 8D F0 33			sta PLAYERX
  3113 2D80			l_0A03
  3114 2D80			l_09DA
  3115
  3116 				; optimize OK (P:\_MADPascal_\GeminiShooter\GeminiShooter.pas), line = 620
  3117
  3118 2D80 AD 66 34			lda STICK
  3119 2D83 29 01			and #$01
  3120 2D85 D0 0D			jne l_0A22
  3121
  3122 				; optimize OK (P:\_MADPascal_\GeminiShooter\GeminiShooter.pas), line = 621
  3123
  3124 2D87 AD F1 33			lda PLAYERY
  3125 2D8A C9 65			cmp #$65
  3126 2D8C 90 06			jcc l_0A35
  3127 2D8E 38 E9 02			sub #$02
  3128 2D91 8D F1 33			sta PLAYERY
  3129 2D94			l_0A35
  3130 2D94			l_0A22
  3131
  3132 				; optimize OK (P:\_MADPascal_\GeminiShooter\GeminiShooter.pas), line = 623
  3133
  3134 2D94 AD 66 34			lda STICK
  3135 2D97 29 02			and #$02
  3136 2D99 D0 0D			jne l_0A51
  3137
  3138 				; optimize OK (P:\_MADPascal_\GeminiShooter\GeminiShooter.pas), line = 624
  3139
  3140 2D9B AD F1 33			lda PLAYERY
  3141 2D9E C9 D2			cmp #$D2
  3142 2DA0 B0 06			jcs l_0A64
  3143 2DA2 18 69 02			add #$02
  3144 2DA5 8D F1 33			sta PLAYERY
  3145 2DA8			l_0A64
  3146 2DA8			l_0A51
  3147
  3148 				; optimize OK (P:\_MADPascal_\GeminiShooter\GeminiShooter.pas), line = 628
  3149
  3150 2DA8 AD 67 34			lda TRIGGER
  3151 2DAB D0 37			jne l_0A88
  3152 2DAD AD 3A 34			lda LASTTRIGGER
  3153 2DB0 C9 01			cmp #$01
  3154 2DB2 D0 30			jne l_0A88
  3155
  3156 				; optimize OK (P:\_MADPascal_\GeminiShooter\GeminiShooter.pas), line = 629
  3157
  3158 2DB4 AD F2 33			lda PLAYERMISSILEACTIVE
  3159 2DB7 D0 2B			jne l_0A98
  3160
  3161 				; optimize OK (P:\_MADPascal_\GeminiShooter\GeminiShooter.pas), line = 630
  3162
  3163 2DB9 A9 01			lda #$01
  3164 2DBB 8D F2 33			sta PLAYERMISSILEACTIVE
  3165
  3166 				; optimize OK (P:\_MADPascal_\GeminiShooter\GeminiShooter.pas), line = 631
  3167
  3168 2DBE AD F0 33			lda PLAYERX
  3169 2DC1 8D F3 33			sta PLAYERMISSILEX
  3170
  3171 				; optimize OK (P:\_MADPascal_\GeminiShooter\GeminiShooter.pas), line = 632
  3172
  3173 2DC4 AD F1 33			lda PLAYERY
  3174 2DC7 38 E9 08			sub #$08
  3175 2DCA 8D F4 33			sta PLAYERMISSILEY
  3176
  3177 				; optimize OK (P:\_MADPascal_\GeminiShooter\GeminiShooter.pas), line = 633
  3178
  3179 2DCD A9 64			lda #$64
  3180 2DCF 8D 57 34			sta PLAYSOUND.FREQ
  3181 2DD2 A9 0A			lda #$0A
  3182 2DD4 8D 58 34			sta PLAYSOUND.DIST
  3183 2DD7 A9 08			lda #$08
  3184 2DD9 8D 59 34			sta PLAYSOUND.VOL
  3185 2DDC A9 05			lda #$05
  3186 2DDE 8D 5A 34			sta PLAYSOUND.DURATION
  3187 2DE1 20 AD 29			jsr PLAYSOUND
  3188 2DE4			l_0A98
  3189 2DE4			l_0A88
  3190
  3191 				; optimize OK (P:\_MADPascal_\GeminiShooter\GeminiShooter.pas), line = 636
  3192
  3193 2DE4 AD 67 34			lda TRIGGER
  3194 2DE7 8D 3A 34			sta LASTTRIGGER
  3195
  3196 				; optimize FAIL ('CRT.KEYPRESSED', P:\_MADPascal_\GeminiShooter\GeminiShooter.pas), line = 639
  3197
  3198 2DEA 20 87 24			jsr CRT.KEYPRESSED
  3199 2DED AD CF 33			lda CRT.KEYPRESSED.RESULT
  3200 2DF0 F0 18			jeq l_0AC6
  3201
  3202 				; optimize FAIL ('CRT.READKEY', P:\_MADPascal_\GeminiShooter\GeminiShooter.pas), line = 640
  3203
  3204 2DF2 20 27 24			jsr CRT.READKEY
  3205 2DF5 AD CC 33			lda CRT.READKEY.RESULT
  3206 2DF8 8D 68 34			sta CH
  3207
  3208 				; optimize OK (P:\_MADPascal_\GeminiShooter\GeminiShooter.pas), line = 641
  3209
  3210 2DFB C9 20			cmp #$20
  3211 2DFD F0 08			jeq l_0AF5x
  3212 2DFF C9 6D			cmp #$6D
  3213 2E01 F0 04			jeq l_0AF5x
  3214 2E03 C9 4D			cmp #$4D
  3215 2E05 D0 03			jne l_0AF5
  3216 2E07			l_0AF5x
  3217
  3218 				; optimize FAIL ('ACTIVATEMEGABOMB', P:\_MADPascal_\GeminiShooter\GeminiShooter.pas), line = 642
  3219
  3220 2E07 20 C3 2C			jsr ACTIVATEMEGABOMB
  3221 2E0A			l_0AF5
  3222 2E0A			l_0AC6
  3223
  3224 				; ------------------------------------------------------------
  3225
  3226 = 3466			STICK	= DATAORIGIN+$00AE
  3227 = 3467			TRIGGER	= DATAORIGIN+$00AF
  3228 = 3468			CH	= DATAORIGIN+$00B0
  3229
  3230 = 3466			@VarData	= STICK
  3231 = 0003			@VarDataSize	= 3
  3232
  3233 2E0A			@exit
  3234 					.ifdef @new
  3235 					lda <@VarData
  3236 					sta :ztmp
  3237 					lda >@VarData
  3238 					ldy #@VarDataSize-1
  3239 					jmp @FreeMem
  3240 					els
  3241 2E0A 60				rts						; ret
  3242 					eif
  3243 				.endl
  3244
  3245 2E0B			.local	UPDATEPLAYERMISSILE				; PROCEDURE
  3246
  3247 				; optimize OK (P:\_MADPascal_\GeminiShooter\GeminiShooter.pas), line = 651
  3248
  3249 2E0B AD F2 33			lda PLAYERMISSILEACTIVE
  3250 2E0E F0 17			jeq l_0B0B
  3251
  3252 				; optimize OK (P:\_MADPascal_\GeminiShooter\GeminiShooter.pas), line = 652
  3253
  3254 2E10 AD F4 33			lda PLAYERMISSILEY
  3255 2E13 C9 09			cmp #$09
  3256 2E15 90 08			jcc l_0B1E
  3257
  3258 				; optimize OK (P:\_MADPascal_\GeminiShooter\GeminiShooter.pas), line = 653
  3259
  3260 2E17 E9 04			sbc #$04
  3261 2E19 8D F4 33			sta PLAYERMISSILEY
  3262 				; optimize FAIL ('DRAWPLAYERMISSILE', P:\_MADPascal_\GeminiShooter\GeminiShooter.pas), line = 654
  3263 2E1C 4C 24 2E			jmp l_0B2A
  3264 2E1F			l_0B1E
  3265
  3266 				; optimize OK (P:\_MADPascal_\GeminiShooter\GeminiShooter.pas), line = 656
  3267
  3268 2E1F A9 00			lda #$00
  3269 2E21 8D F2 33			sta PLAYERMISSILEACTIVE
  3270 2E24			l_0B2A
  3271
  3272 				; optimize FAIL ('DRAWPLAYERMISSILE', P:\_MADPascal_\GeminiShooter\GeminiShooter.pas), line = 657
  3273
  3274 2E24 20 31 28			jsr DRAWPLAYERMISSILE
  3275 2E27			l_0B0B
  3276
  3277 2E27			@exit
  3278 					.ifdef @new
  3279 					lda <@VarData
  3280 					sta :ztmp
  3281 					lda >@VarData
  3282 					ldy #@VarDataSize-1
  3283 					jmp @FreeMem
  3284 					els
  3285 2E27 60				rts						; ret
  3286 					eif
  3287 				.endl
  3288
  3289 2E28			.local	DRAWHUD						; PROCEDURE
  3290
  3291 				; optimize OK (P:\_MADPascal_\GeminiShooter\GeminiShooter.pas), line = 671
  3292
  3293 2E28 AD 1D 34			lda SCREENMEM
  3294 2E2B 8D 74 34			sta ADDR
  3295 2E2E AD 1E 34			lda SCREENMEM+1
  3296 2E31 8D 75 34			sta ADDR+1
  3297
  3298 				; optimize FAIL ('SYSTEM.STR.@02038986000000210182000', P:\_MADPascal_\GeminiShooter\GeminiShooter.pas), line = 674
  3299
  3300 2E34 E8				inx
  3301 2E35 AD 2F 2F 95 94		mva SCORESTR :STACKORIGIN,x
  3302 2E3A AD 30 2F 95 A4		mva SCORESTR+1 :STACKORIGIN+STACKWIDTH,x
  3303 2E3F E8				inx
  3304 2E40 AD EB 33 95 94		mva SCORE :STACKORIGIN,x
  3305 2E45 AD EC 33 95 A4		mva SCORE+1 :STACKORIGIN+STACKWIDTH,x
  3306 2E4A A9 00 95 B4			mva #$00 :STACKORIGIN+STACKWIDTH*2,x
  3307 2E4E 95 C4			sta :STACKORIGIN+STACKWIDTH*3,x
  3308 2E50 20 A2 23			jsr SYSTEM.STR.@02038986000000210182000
  3309
  3310 				; optimize OK (P:\_MADPascal_\GeminiShooter\GeminiShooter.pas), line = 675
  3311
  3312 2E53 AD 74 34			lda ADDR
  3313 2E56 8D 3F 34			sta PRINTSTR.ADDR
  3314 2E59 AD 75 34			lda ADDR+1
  3315 2E5C 8D 40 34			sta PRINTSTR.ADDR+1
  3316 2E5F A9 0B			lda #$0B
  3317 2E61 8D 41 34			sta PRINTSTR.S
  3318 2E64 A9 20			lda #$20
  3319 2E66 8D 42 34			sta PRINTSTR.S+1
  3320 2E69 A9 06			lda #$06
  3321 2E6B 8D 43 34			sta PRINTSTR.LEN
  3322 2E6E 20 C1 25			jsr PRINTSTR
  3323
  3324 				; optimize OK (P:\_MADPascal_\GeminiShooter\GeminiShooter.pas), line = 676
  3325
  3326 2E71 A9 01			lda #$01
  3327 2E73 8D 76 34			sta I
  3328 2E76 AD 69 34 8D 7D 2E		mva adr.SCORESTR @FORTMP_0B49_0
  3329
  3330 2E7C			l_0B4C
  3331 				; --- ForToDoCondition
  3332 2E7C A9 00			lda @FORTMP_0B49_0::#$00
  3333 2E7E CD 76 34			cmp I
  3334 2E81 90 25			jcc l_0B5A
  3335
  3336 				; optimize OK (P:\_MADPascal_\GeminiShooter\GeminiShooter.pas), line = 677
  3337
  3338 2E83 AC 76 34			ldy I
  3339 2E86 B9 69 34			lda adr.SCORESTR,y
  3340 2E89 E9 20			sbc #$20
  3341 2E8B 85 9D			sta :STACKORIGIN+9
  3342 2E8D AD 76 34			lda I
  3343 2E90 18 6D 74 34			add ADDR
  3344 2E94 85 82			sta :bp2
  3345 2E96 A9 00			lda #$00
  3346 2E98 6D 75 34			adc ADDR+1
  3347 2E9B 85 83			sta :bp2+1
  3348 2E9D A0 05			ldy #$05
  3349 2E9F A5 9D			lda :STACKORIGIN+9
  3350 2EA1 91 82			sta (:bp2),y
  3351 2EA3 EE 76 34			inc I
  3352 2EA6 D0 D4			jne l_0B4C
  3353 2EA8			l_0B5A
  3354
  3355 				; optimize OK (P:\_MADPascal_\GeminiShooter\GeminiShooter.pas), line = 680
  3356
  3357 2EA8 AD 1D 34			lda SCREENMEM
  3358 2EAB 18 69 14			add #$14
  3359 2EAE 8D 74 34			sta ADDR
  3360 2EB1 AD 1E 34			lda SCREENMEM+1
  3361 2EB4 69 00			adc #$00
  3362 2EB6 8D 75 34			sta ADDR+1
  3363
  3364 				; optimize OK (P:\_MADPascal_\GeminiShooter\GeminiShooter.pas), line = 681
  3365
  3366 2EB9 AD 74 34			lda ADDR
  3367 2EBC 8D 3F 34			sta PRINTSTR.ADDR
  3368 2EBF AD 75 34			lda ADDR+1
  3369 2EC2 8D 40 34			sta PRINTSTR.ADDR+1
  3370 2EC5 A9 12			lda #$12
  3371 2EC7 8D 41 34			sta PRINTSTR.S
  3372 2ECA A9 20			lda #$20
  3373 2ECC 8D 42 34			sta PRINTSTR.S+1
  3374 2ECF A9 06			lda #$06
  3375 2ED1 8D 43 34			sta PRINTSTR.LEN
  3376 2ED4 20 C1 25			jsr PRINTSTR
  3377
  3378 				; optimize OK (P:\_MADPascal_\GeminiShooter\GeminiShooter.pas), line = 682
  3379
  3380 2ED7 A9 10			lda #$10
  3381 2ED9 18 6D ED 33			add LIVES
  3382 2EDD AC 74 34 84 82 AC + 	mwy ADDR :bp2
  3383 2EE7 A0 06			ldy #$06
  3384 2EE9 91 82			sta (:bp2),y
  3385
  3386 				; optimize OK (P:\_MADPascal_\GeminiShooter\GeminiShooter.pas), line = 686
  3387
  3388 2EEB AD 1D 34			lda SCREENMEM
  3389 2EEE 18 69 1E			add #$1E
  3390 2EF1 8D 74 34			sta ADDR
  3391 2EF4 AD 1E 34			lda SCREENMEM+1
  3392 2EF7 69 00			adc #$00
  3393 2EF9 8D 75 34			sta ADDR+1
  3394
  3395 				; optimize OK (P:\_MADPascal_\GeminiShooter\GeminiShooter.pas), line = 687
  3396
  3397 2EFC AD 74 34			lda ADDR
  3398 2EFF 8D 3F 34			sta PRINTSTR.ADDR
  3399 2F02 AD 75 34			lda ADDR+1
  3400 2F05 8D 40 34			sta PRINTSTR.ADDR+1
  3401 2F08 A9 19			lda #$19
  3402 2F0A 8D 41 34			sta PRINTSTR.S
  3403 2F0D A9 20			lda #$20
  3404 2F0F 8D 42 34			sta PRINTSTR.S+1
  3405 2F12 A9 06			lda #$06
  3406 2F14 8D 43 34			sta PRINTSTR.LEN
  3407 2F17 20 C1 25			jsr PRINTSTR
  3408
  3409 				; optimize OK (P:\_MADPascal_\GeminiShooter\GeminiShooter.pas), line = 688
  3410
  3411 2F1A A9 10			lda #$10
  3412 2F1C 18 6D EE 33			add MEGABOMBS
  3413 2F20 AC 74 34 84 82 AC + 	mwy ADDR :bp2
  3414 2F2A A0 06			ldy #$06
  3415 2F2C 91 82			sta (:bp2),y
  3416
  3417 				; ------------------------------------------------------------
  3418
  3419 = 3469			adr.SCORESTR	= [DATAORIGIN+$00B1] .array [11]
  3420 2F2E			.var SCORESTR	= adr.SCORESTR .word
  3421 = 3474			ADDR	= DATAORIGIN+$00BC
  3422 = 3476			I	= DATAORIGIN+$00BE
  3423
  3424 = 2F2F			@VarData	= SCORESTR
  3425 = 000E			@VarDataSize	= 14
  3426
  3427 2F2E			@exit
  3428 					.ifdef @new
  3429 					lda <@VarData
  3430 					sta :ztmp
  3431 					lda >@VarData
  3432 					ldy #@VarDataSize-1
  3433 					jmp @FreeMem
  3434 					els
  3435 2F2E 60				rts						; ret
  3436 					eif
  3437 = 2F2F 69 34		SCORESTR
  3437 				.endl
  3438
  3439 2F31			.local	TITLESCREEN					; PROCEDURE
  3440
  3441 				; optimize OK (P:\_MADPascal_\GeminiShooter\GeminiShooter.pas), line = 699
  3442
  3443 2F31 AD 1D 34			lda SCREENMEM
  3444 2F34 85 88			sta SYSTEM.FILLCHAR.@03018000001810000188000.A
  3445 2F36 AD 1E 34			lda SCREENMEM+1
  3446 2F39 85 89			sta SYSTEM.FILLCHAR.@03018000001810000188000.A+1
  3447 2F3B A9 C0			lda #$C0
  3448 2F3D 85 8C			sta SYSTEM.FILLCHAR.@03018000001810000188000.COUNT
  3449 2F3F A9 03			lda #$03
  3450 2F41 85 8D			sta SYSTEM.FILLCHAR.@03018000001810000188000.COUNT+1
  3451 2F43 A9 00			lda #$00
  3452 2F45 85 84			sta SYSTEM.FILLCHAR.@03018000001810000188000.VALUE
  3453 2F47				.LOCAL +MAIN.SYSTEM.FILLCHAR.@03018000001810000188000
  3454 2F47				m@INLINE
Macro: MAIN.SYSTEM.FILLCHAR.@03018000001810000188000.M@INLINE [Source: GeminiShooter.a65]
     5 2F47 20 72 21			jsr @fill
Source: GeminiShooter.a65
  3455 					.ENDL
  3456
  3457 				; optimize OK (P:\_MADPascal_\GeminiShooter\GeminiShooter.pas), line = 702
  3458
  3459 2F4A AD 1D 34			lda SCREENMEM
  3460 2F4D 18 69 D2			add #$D2
  3461 2F50 8D 78 34			sta ADDR
  3462 2F53 AD 1E 34			lda SCREENMEM+1
  3463 2F56 69 00			adc #$00
  3464 2F58 8D 79 34			sta ADDR+1
  3465
  3466 				; optimize OK (P:\_MADPascal_\GeminiShooter\GeminiShooter.pas), line = 703
  3467
  3468 2F5B AD 78 34			lda ADDR
  3469 2F5E 8D 3F 34			sta PRINTSTR.ADDR
  3470 2F61 AD 79 34			lda ADDR+1
  3471 2F64 8D 40 34			sta PRINTSTR.ADDR+1
  3472 2F67 A9 20			lda #$20
  3473 2F69 8D 41 34			sta PRINTSTR.S
  3474 2F6C 8D 42 34			sta PRINTSTR.S+1
  3475 2F6F A9 0E			lda #$0E
  3476 2F71 8D 43 34			sta PRINTSTR.LEN
  3477 2F74 20 C1 25			jsr PRINTSTR
  3478
  3479 				; optimize OK (P:\_MADPascal_\GeminiShooter\GeminiShooter.pas), line = 706
  3480
  3481 2F77 AD 1D 34			lda SCREENMEM
  3482 2F7A 18 69 1E			add #$1E
  3483 2F7D 8D 78 34			sta ADDR
  3484 2F80 AD 1E 34			lda SCREENMEM+1
  3485 2F83 69 01			adc #$01
  3486 2F85 8D 79 34			sta ADDR+1
  3487
  3488 				; optimize OK (P:\_MADPascal_\GeminiShooter\GeminiShooter.pas), line = 707
  3489
  3490 2F88 AD 78 34			lda ADDR
  3491 2F8B 8D 3F 34			sta PRINTSTR.ADDR
  3492 2F8E AD 79 34			lda ADDR+1
  3493 2F91 8D 40 34			sta PRINTSTR.ADDR+1
  3494 2F94 A9 2F			lda #$2F
  3495 2F96 8D 41 34			sta PRINTSTR.S
  3496 2F99 A9 20			lda #$20
  3497 2F9B 8D 42 34			sta PRINTSTR.S+1
  3498 2F9E A9 17			lda #$17
  3499 2FA0 8D 43 34			sta PRINTSTR.LEN
  3500 2FA3 20 C1 25			jsr PRINTSTR
  3501
  3502 				; optimize OK (P:\_MADPascal_\GeminiShooter\GeminiShooter.pas), line = 710
  3503
  3504 2FA6 AD 1D 34			lda SCREENMEM
  3505 2FA9 18 69 95			add #$95
  3506 2FAC 8D 78 34			sta ADDR
  3507 2FAF AD 1E 34			lda SCREENMEM+1
  3508 2FB2 69 01			adc #$01
  3509 2FB4 8D 79 34			sta ADDR+1
  3510
  3511 				; optimize OK (P:\_MADPascal_\GeminiShooter\GeminiShooter.pas), line = 711
  3512
  3513 2FB7 AD 78 34			lda ADDR
  3514 2FBA 8D 3F 34			sta PRINTSTR.ADDR
  3515 2FBD AD 79 34			lda ADDR+1
  3516 2FC0 8D 40 34			sta PRINTSTR.ADDR+1
  3517 2FC3 A9 47			lda #$47
  3518 2FC5 8D 41 34			sta PRINTSTR.S
  3519 2FC8 A9 20			lda #$20
  3520 2FCA 8D 42 34			sta PRINTSTR.S+1
  3521 2FCD A9 13			lda #$13
  3522 2FCF 8D 43 34			sta PRINTSTR.LEN
  3523 2FD2 20 C1 25			jsr PRINTSTR
  3524
  3525 				; optimize OK (P:\_MADPascal_\GeminiShooter\GeminiShooter.pas), line = 713
  3526
  3527 2FD5 AD 1D 34			lda SCREENMEM
  3528 2FD8 18 69 E5			add #$E5
  3529 2FDB 8D 78 34			sta ADDR
  3530 2FDE AD 1E 34			lda SCREENMEM+1
  3531 2FE1 69 01			adc #$01
  3532 2FE3 8D 79 34			sta ADDR+1
  3533
  3534 				; optimize OK (P:\_MADPascal_\GeminiShooter\GeminiShooter.pas), line = 714
  3535
  3536 2FE6 AD 78 34			lda ADDR
  3537 2FE9 8D 3F 34			sta PRINTSTR.ADDR
  3538 2FEC AD 79 34			lda ADDR+1
  3539 2FEF 8D 40 34			sta PRINTSTR.ADDR+1
  3540 2FF2 A9 5B			lda #$5B
  3541 2FF4 8D 41 34			sta PRINTSTR.S
  3542 2FF7 A9 20			lda #$20
  3543 2FF9 8D 42 34			sta PRINTSTR.S+1
  3544 2FFC A9 14			lda #$14
  3545 2FFE 8D 43 34			sta PRINTSTR.LEN
  3546 3001 20 C1 25			jsr PRINTSTR
  3547
  3548 				; optimize OK (P:\_MADPascal_\GeminiShooter\GeminiShooter.pas), line = 716
  3549
  3550 3004 AD 1D 34			lda SCREENMEM
  3551 3007 18 69 35			add #$35
  3552 300A 8D 78 34			sta ADDR
  3553 300D AD 1E 34			lda SCREENMEM+1
  3554 3010 69 02			adc #$02
  3555 3012 8D 79 34			sta ADDR+1
  3556
  3557 				; optimize OK (P:\_MADPascal_\GeminiShooter\GeminiShooter.pas), line = 717
  3558
  3559 3015 AD 78 34			lda ADDR
  3560 3018 8D 3F 34			sta PRINTSTR.ADDR
  3561 301B AD 79 34			lda ADDR+1
  3562 301E 8D 40 34			sta PRINTSTR.ADDR+1
  3563 3021 A9 70			lda #$70
  3564 3023 8D 41 34			sta PRINTSTR.S
  3565 3026 A9 20			lda #$20
  3566 3028 8D 42 34			sta PRINTSTR.S+1
  3567 302B A9 11			lda #$11
  3568 302D 8D 43 34			sta PRINTSTR.LEN
  3569 3030 20 C1 25			jsr PRINTSTR
  3570
  3571 				; optimize OK (P:\_MADPascal_\GeminiShooter\GeminiShooter.pas), line = 720
  3572
  3573 3033 AD 1D 34			lda SCREENMEM
  3574 3036 18 69 D8			add #$D8
  3575 3039 8D 78 34			sta ADDR
  3576 303C AD 1E 34			lda SCREENMEM+1
  3577 303F 69 02			adc #$02
  3578 3041 8D 79 34			sta ADDR+1
  3579
  3580 				; optimize OK (P:\_MADPascal_\GeminiShooter\GeminiShooter.pas), line = 721
  3581
  3582 3044 AD 78 34			lda ADDR
  3583 3047 8D 3F 34			sta PRINTSTR.ADDR
  3584 304A AD 79 34			lda ADDR+1
  3585 304D 8D 40 34			sta PRINTSTR.ADDR+1
  3586 3050 A9 82			lda #$82
  3587 3052 8D 41 34			sta PRINTSTR.S
  3588 3055 A9 20			lda #$20
  3589 3057 8D 42 34			sta PRINTSTR.S+1
  3590 305A A9 13			lda #$13
  3591 305C 8D 43 34			sta PRINTSTR.LEN
  3592 305F 20 C1 25			jsr PRINTSTR
  3593
  3594 				; optimize OK (P:\_MADPascal_\GeminiShooter\GeminiShooter.pas), line = 724
  3595
  3596 3062 AD 1D 34			lda SCREENMEM
  3597 3065 18 69 73			add #$73
  3598 3068 8D 78 34			sta ADDR
  3599 306B AD 1E 34			lda SCREENMEM+1
  3600 306E 69 03			adc #$03
  3601 3070 8D 79 34			sta ADDR+1
  3602
  3603 				; optimize OK (P:\_MADPascal_\GeminiShooter\GeminiShooter.pas), line = 725
  3604
  3605 3073 AD 78 34			lda ADDR
  3606 3076 8D 3F 34			sta PRINTSTR.ADDR
  3607 3079 AD 79 34			lda ADDR+1
  3608 307C 8D 40 34			sta PRINTSTR.ADDR+1
  3609 307F A9 96			lda #$96
  3610 3081 8D 41 34			sta PRINTSTR.S
  3611 3084 A9 20			lda #$20
  3612 3086 8D 42 34			sta PRINTSTR.S+1
  3613 3089 A9 18			lda #$18
  3614 308B 8D 43 34			sta PRINTSTR.LEN
  3615 308E 20 C1 25			jsr PRINTSTR
  3616
  3617 				; --- RepeatUntilProlog
  3618 3091			l_0C36
  3619
  3620 				; optimize FAIL ('SYSTEM.PAUSE.@00', P:\_MADPascal_\GeminiShooter\GeminiShooter.pas), line = 729
  3621
  3622 3091 20 F2 23			jsr SYSTEM.PAUSE.@00
  3623
  3624 				; optimize OK (P:\_MADPascal_\GeminiShooter\GeminiShooter.pas), line = 730
  3625
  3626 3094			?volatile:
  3627 3094 AD 84 02			lda JOYSTICK.STRIG0
  3628 3097 D0 F8			jne l_0C36
  3629
  3630 				; --- RepeatUntilProlog
  3631 3099			l_0C45
  3632
  3633 				; optimize FAIL ('SYSTEM.PAUSE.@00', P:\_MADPascal_\GeminiShooter\GeminiShooter.pas), line = 734
  3634
  3635 3099 20 F2 23			jsr SYSTEM.PAUSE.@00
  3636
  3637 				; optimize OK (P:\_MADPascal_\GeminiShooter\GeminiShooter.pas), line = 735
  3638
  3639 309C			?volatile:
  3640 309C AD 84 02			lda JOYSTICK.STRIG0
  3641 309F C9 01			cmp #$01
  3642 30A1 D0 F6			jne l_0C45
  3643
  3644 				; ------------------------------------------------------------
  3645
  3646 = 3478			ADDR	= DATAORIGIN+$00C0
  3647
  3648 = 3478			@VarData	= ADDR
  3649 = 0002			@VarDataSize	= 2
  3650
  3651 30A3			@exit
  3652 					.ifdef @new
  3653 					lda <@VarData
  3654 					sta :ztmp
  3655 					lda >@VarData
  3656 					ldy #@VarDataSize-1
  3657 					jmp @FreeMem
  3658 					els
  3659 30A3 60				rts						; ret
  3660 					eif
  3661 				.endl
  3662
  3663 30A4			.local	GAMEOVERSCREEN					; PROCEDURE
  3664
  3665 				; optimize OK (P:\_MADPascal_\GeminiShooter\GeminiShooter.pas), line = 748
  3666
  3667 30A4 AD 1D 34			lda SCREENMEM
  3668 30A7 85 88			sta SYSTEM.FILLCHAR.@03018000001810000188000.A
  3669 30A9 AD 1E 34			lda SCREENMEM+1
  3670 30AC 85 89			sta SYSTEM.FILLCHAR.@03018000001810000188000.A+1
  3671 30AE A9 C0			lda #$C0
  3672 30B0 85 8C			sta SYSTEM.FILLCHAR.@03018000001810000188000.COUNT
  3673 30B2 A9 03			lda #$03
  3674 30B4 85 8D			sta SYSTEM.FILLCHAR.@03018000001810000188000.COUNT+1
  3675 30B6 A9 00			lda #$00
  3676 30B8 85 84			sta SYSTEM.FILLCHAR.@03018000001810000188000.VALUE
  3677 30BA				.LOCAL +MAIN.SYSTEM.FILLCHAR.@03018000001810000188000
  3678 30BA				m@INLINE
Macro: MAIN.SYSTEM.FILLCHAR.@03018000001810000188000.M@INLINE [Source: GeminiShooter.a65]
     5 30BA 20 72 21			jsr @fill
Source: GeminiShooter.a65
  3679 					.ENDL
  3680
  3681 				; optimize OK (P:\_MADPascal_\GeminiShooter\GeminiShooter.pas), line = 751
  3682
  3683 30BD AD 1D 34			lda SCREENMEM
  3684 30C0 18 69 4E			add #$4E
  3685 30C3 8D 7A 34			sta ADDR
  3686 30C6 AD 1E 34			lda SCREENMEM+1
  3687 30C9 69 01			adc #$01
  3688 30CB 8D 7B 34			sta ADDR+1
  3689
  3690 				; optimize OK (P:\_MADPascal_\GeminiShooter\GeminiShooter.pas), line = 752
  3691
  3692 30CE AD 7A 34			lda ADDR
  3693 30D1 8D 3F 34			sta PRINTSTR.ADDR
  3694 30D4 AD 7B 34			lda ADDR+1
  3695 30D7 8D 40 34			sta PRINTSTR.ADDR+1
  3696 30DA A9 AF			lda #$AF
  3697 30DC 8D 41 34			sta PRINTSTR.S
  3698 30DF A9 20			lda #$20
  3699 30E1 8D 42 34			sta PRINTSTR.S+1
  3700 30E4 A9 09			lda #$09
  3701 30E6 8D 43 34			sta PRINTSTR.LEN
  3702 30E9 20 C1 25			jsr PRINTSTR
  3703
  3704 				; optimize OK (P:\_MADPascal_\GeminiShooter\GeminiShooter.pas), line = 755
  3705
  3706 30EC AD 1D 34			lda SCREENMEM
  3707 30EF 18 69 EA			add #$EA
  3708 30F2 8D 7A 34			sta ADDR
  3709 30F5 AD 1E 34			lda SCREENMEM+1
  3710 30F8 69 01			adc #$01
  3711 30FA 8D 7B 34			sta ADDR+1
  3712
  3713 				; optimize FAIL ('SYSTEM.STR.@02038986000000210182000', P:\_MADPascal_\GeminiShooter\GeminiShooter.pas), line = 756
  3714
  3715 30FD E8				inx
  3716 30FE AD 30 32 95 94		mva SCORESTR :STACKORIGIN,x
  3717 3103 AD 31 32 95 A4		mva SCORESTR+1 :STACKORIGIN+STACKWIDTH,x
  3718 3108 E8				inx
  3719 3109 AD EB 33 95 94		mva SCORE :STACKORIGIN,x
  3720 310E AD EC 33 95 A4		mva SCORE+1 :STACKORIGIN+STACKWIDTH,x
  3721 3113 A9 00 95 B4			mva #$00 :STACKORIGIN+STACKWIDTH*2,x
  3722 3117 95 C4			sta :STACKORIGIN+STACKWIDTH*3,x
  3723 3119 20 A2 23			jsr SYSTEM.STR.@02038986000000210182000
  3724
  3725 				; optimize OK (P:\_MADPascal_\GeminiShooter\GeminiShooter.pas), line = 757
  3726
  3727 311C AD 7A 34			lda ADDR
  3728 311F 8D 3F 34			sta PRINTSTR.ADDR
  3729 3122 AD 7B 34			lda ADDR+1
  3730 3125 8D 40 34			sta PRINTSTR.ADDR+1
  3731 3128 A9 B9			lda #$B9
  3732 312A 8D 41 34			sta PRINTSTR.S
  3733 312D A9 20			lda #$20
  3734 312F 8D 42 34			sta PRINTSTR.S+1
  3735 3132 A9 0D			lda #$0D
  3736 3134 8D 43 34			sta PRINTSTR.LEN
  3737 3137 20 C1 25			jsr PRINTSTR
  3738
  3739 				; optimize OK (P:\_MADPascal_\GeminiShooter\GeminiShooter.pas), line = 758
  3740
  3741 313A A9 01			lda #$01
  3742 313C 8D 87 34			sta I
  3743 313F AD 7C 34 8D 46 31		mva adr.SCORESTR @FORTMP_0C8A_0
  3744
  3745 3145			l_0C8D
  3746 				; --- ForToDoCondition
  3747 3145 A9 00			lda @FORTMP_0C8A_0::#$00
  3748 3147 CD 87 34			cmp I
  3749 314A 90 25			jcc l_0C9B
  3750
  3751 				; optimize OK (P:\_MADPascal_\GeminiShooter\GeminiShooter.pas), line = 759
  3752
  3753 314C AC 87 34			ldy I
  3754 314F B9 7C 34			lda adr.SCORESTR,y
  3755 3152 E9 20			sbc #$20
  3756 3154 85 9D			sta :STACKORIGIN+9
  3757 3156 AD 87 34			lda I
  3758 3159 18 6D 7A 34			add ADDR
  3759 315D 85 82			sta :bp2
  3760 315F A9 00			lda #$00
  3761 3161 6D 7B 34			adc ADDR+1
  3762 3164 85 83			sta :bp2+1
  3763 3166 A0 0C			ldy #$0C
  3764 3168 A5 9D			lda :STACKORIGIN+9
  3765 316A 91 82			sta (:bp2),y
  3766 316C EE 87 34			inc I
  3767 316F D0 D4			jne l_0C8D
  3768 3171			l_0C9B
  3769
  3770 				; optimize OK (P:\_MADPascal_\GeminiShooter\GeminiShooter.pas), line = 762
  3771
  3772 3171 AD 1D 34			lda SCREENMEM
  3773 3174 18 69 D8			add #$D8
  3774 3177 8D 7A 34			sta ADDR
  3775 317A AD 1E 34			lda SCREENMEM+1
  3776 317D 69 02			adc #$02
  3777 317F 8D 7B 34			sta ADDR+1
  3778
  3779 				; optimize OK (P:\_MADPascal_\GeminiShooter\GeminiShooter.pas), line = 763
  3780
  3781 3182 AD 7A 34			lda ADDR
  3782 3185 8D 3F 34			sta PRINTSTR.ADDR
  3783 3188 AD 7B 34			lda ADDR+1
  3784 318B 8D 40 34			sta PRINTSTR.ADDR+1
  3785 318E A9 C7			lda #$C7
  3786 3190 8D 41 34			sta PRINTSTR.S
  3787 3193 A9 20			lda #$20
  3788 3195 8D 42 34			sta PRINTSTR.S+1
  3789 3198 A9 12			lda #$12
  3790 319A 8D 43 34			sta PRINTSTR.LEN
  3791 319D 20 C1 25			jsr PRINTSTR
  3792
  3793 				; optimize OK (P:\_MADPascal_\GeminiShooter\GeminiShooter.pas), line = 766
  3794
  3795 31A0 A9 00			lda #$00
  3796 31A2 8D D0 33			sta CRT.SOUND.CHAN
  3797 31A5 A9 C8			lda #$C8
  3798 31A7 8D D1 33			sta CRT.SOUND.FREQ
  3799 31AA A9 0A			lda #$0A
  3800 31AC 8D D2 33			sta CRT.SOUND.DIST
  3801 31AF A9 08			lda #$08
  3802 31B1 8D D3 33			sta CRT.SOUND.VOL
  3803 31B4 20 95 24			jsr CRT.SOUND
  3804
  3805 				; optimize OK (P:\_MADPascal_\GeminiShooter\GeminiShooter.pas), line = 767
  3806
  3807 31B7 A9 64			lda #$64
  3808 31B9 8D CD 33			sta CRT.DELAY.COUNT
  3809 31BC A9 00			lda #$00
  3810 31BE 8D CE 33			sta CRT.DELAY.COUNT+1
  3811 31C1 20 2E 24			jsr CRT.DELAY
  3812
  3813 				; optimize OK (P:\_MADPascal_\GeminiShooter\GeminiShooter.pas), line = 768
  3814
  3815 31C4 A9 00			lda #$00
  3816 31C6 8D D0 33			sta CRT.SOUND.CHAN
  3817 31C9 A9 96			lda #$96
  3818 31CB 8D D1 33			sta CRT.SOUND.FREQ
  3819 31CE A9 0A			lda #$0A
  3820 31D0 8D D2 33			sta CRT.SOUND.DIST
  3821 31D3 A9 08			lda #$08
  3822 31D5 8D D3 33			sta CRT.SOUND.VOL
  3823 31D8 20 95 24			jsr CRT.SOUND
  3824
  3825 				; optimize OK (P:\_MADPascal_\GeminiShooter\GeminiShooter.pas), line = 769
  3826
  3827 31DB A9 64			lda #$64
  3828 31DD 8D CD 33			sta CRT.DELAY.COUNT
  3829 31E0 A9 00			lda #$00
  3830 31E2 8D CE 33			sta CRT.DELAY.COUNT+1
  3831 31E5 20 2E 24			jsr CRT.DELAY
  3832
  3833 				; optimize OK (P:\_MADPascal_\GeminiShooter\GeminiShooter.pas), line = 770
  3834
  3835 31E8 A9 00			lda #$00
  3836 31EA 8D D0 33			sta CRT.SOUND.CHAN
  3837 31ED A9 64			lda #$64
  3838 31EF 8D D1 33			sta CRT.SOUND.FREQ
  3839 31F2 A9 0A			lda #$0A
  3840 31F4 8D D2 33			sta CRT.SOUND.DIST
  3841 31F7 A9 08			lda #$08
  3842 31F9 8D D3 33			sta CRT.SOUND.VOL
  3843 31FC 20 95 24			jsr CRT.SOUND
  3844
  3845 				; optimize OK (P:\_MADPascal_\GeminiShooter\GeminiShooter.pas), line = 771
  3846
  3847 31FF A9 64			lda #$64
  3848 3201 8D CD 33			sta CRT.DELAY.COUNT
  3849 3204 A9 00			lda #$00
  3850 3206 8D CE 33			sta CRT.DELAY.COUNT+1
  3851 3209 20 2E 24			jsr CRT.DELAY
  3852
  3853 				; optimize OK (P:\_MADPascal_\GeminiShooter\GeminiShooter.pas), line = 772
  3854
  3855 320C A9 00			lda #$00
  3856 320E 8D D0 33			sta CRT.SOUND.CHAN
  3857 3211 8D D1 33			sta CRT.SOUND.FREQ
  3858 3214 8D D2 33			sta CRT.SOUND.DIST
  3859 3217 8D D3 33			sta CRT.SOUND.VOL
  3860 321A 20 95 24			jsr CRT.SOUND
  3861
  3862 				; --- RepeatUntilProlog
  3863 321D			l_0CE4
  3864
  3865 				; optimize FAIL ('SYSTEM.PAUSE.@00', P:\_MADPascal_\GeminiShooter\GeminiShooter.pas), line = 776
  3866
  3867 321D 20 F2 23			jsr SYSTEM.PAUSE.@00
  3868
  3869 				; optimize OK (P:\_MADPascal_\GeminiShooter\GeminiShooter.pas), line = 777
  3870
  3871 3220			?volatile:
  3872 3220 AD 84 02			lda JOYSTICK.STRIG0
  3873 3223 D0 F8			jne l_0CE4
  3874
  3875 				; --- RepeatUntilProlog
  3876 3225			l_0CF3
  3877
  3878 				; optimize FAIL ('SYSTEM.PAUSE.@00', P:\_MADPascal_\GeminiShooter\GeminiShooter.pas), line = 781
  3879
  3880 3225 20 F2 23			jsr SYSTEM.PAUSE.@00
  3881
  3882 				; optimize OK (P:\_MADPascal_\GeminiShooter\GeminiShooter.pas), line = 782
  3883
  3884 3228			?volatile:
  3885 3228 AD 84 02			lda JOYSTICK.STRIG0
  3886 322B C9 01			cmp #$01
  3887 322D D0 F6			jne l_0CF3
  3888
  3889 				; ------------------------------------------------------------
  3890
  3891 = 347A			ADDR	= DATAORIGIN+$00C2
  3892 = 347C			adr.SCORESTR	= [DATAORIGIN+$00C4] .array [11]
  3893 322F			.var SCORESTR	= adr.SCORESTR .word
  3894 = 3487			I	= DATAORIGIN+$00CF
  3895
  3896 = 347A			@VarData	= ADDR
  3897 = 000E			@VarDataSize	= 14
  3898
  3899 322F			@exit
  3900 					.ifdef @new
  3901 					lda <@VarData
  3902 					sta :ztmp
  3903 					lda >@VarData
  3904 					ldy #@VarDataSize-1
  3905 					jmp @FreeMem
  3906 					els
  3907 322F 60				rts						; ret
  3908 					eif
  3909 = 3230 7C 34		SCORESTR
  3909 				.endl
  3910
  3911 3232			.local	GAMELOOP					; PROCEDURE
  3912
  3913 				; --- WhileProlog
  3914 3232 4C C8 32			jmp l_0D07
  3915 3235			l_0D08
  3916
  3917 				; optimize FAIL ('HANDLEINPUT', P:\_MADPascal_\GeminiShooter\GeminiShooter.pas), line = 792
  3918
  3919 3235 20 32 2D			jsr HANDLEINPUT
  3920
  3921 				; optimize FAIL ('DRAWPLAYER', P:\_MADPascal_\GeminiShooter\GeminiShooter.pas), line = 795
  3922
  3923 3238 20 15 27			jsr DRAWPLAYER
  3924
  3925 				; optimize FAIL ('UPDATEPLAYERMISSILE', P:\_MADPascal_\GeminiShooter\GeminiShooter.pas), line = 798
  3926
  3927 323B 20 0B 2E			jsr UPDATEPLAYERMISSILE
  3928
  3929 				; optimize FAIL ('UPDATEENEMIES', P:\_MADPascal_\GeminiShooter\GeminiShooter.pas), line = 801
  3930
  3931 323E 20 B1 2A			jsr UPDATEENEMIES
  3932
  3933 				; optimize FAIL ('CHECKMISSILECOLLISION', P:\_MADPascal_\GeminiShooter\GeminiShooter.pas), line = 804
  3934
  3935 3241 20 6F 2B			jsr CHECKMISSILECOLLISION
  3936
  3937 				; optimize FAIL ('CHECKPLAYERCOLLISION', P:\_MADPascal_\GeminiShooter\GeminiShooter.pas), line = 805
  3938
  3939 3244 20 32 2C			jsr CHECKPLAYERCOLLISION
  3940
  3941 				; optimize OK (P:\_MADPascal_\GeminiShooter\GeminiShooter.pas), line = 808
  3942
  3943 3247 AD 04 34			lda ENEMYSPAWNTIMER
  3944 324A F0 06			jeq l_0D20
  3945
  3946 				; optimize FAIL (0, P:\_MADPascal_\GeminiShooter\GeminiShooter.pas), line = 809
  3947
  3948 324C CE 04 34			dec ENEMYSPAWNTIMER
  3949 324F 4C 79 32			jmp l_0D2E
  3950 3252			l_0D20
  3951
  3952 				; optimize FAIL ('SPAWNENEMY', P:\_MADPascal_\GeminiShooter\GeminiShooter.pas), line = 811
  3953
  3954 3252 20 3F 2A			jsr SPAWNENEMY
  3955
  3956 				; optimize OK (P:\_MADPascal_\GeminiShooter\GeminiShooter.pas), line = 812
  3957
  3958 3255 A9 00			lda #$00
  3959 3257 85 AE			sta :STACKORIGIN+STACKWIDTH+10
  3960 3259 AD EF 33			lda LEVEL
  3961 325C 0A				asl @
  3962 325D 26 AE			rol :STACKORIGIN+STACKWIDTH+10
  3963 325F 0A				asl @
  3964 3260 26 AE			rol :STACKORIGIN+STACKWIDTH+10
  3965 3262 18 6D EF 33			add LEVEL
  3966 3266 85 9E			sta :STACKORIGIN+10
  3967 3268 A9 3C			lda #$3C
  3968 326A 38 E5 9E			sub :STACKORIGIN+10
  3969 326D 8D 04 34			sta ENEMYSPAWNTIMER
  3970
  3971 				; optimize OK (P:\_MADPascal_\GeminiShooter\GeminiShooter.pas), line = 813
  3972
  3973 3270 C9 14			cmp #$14
  3974 3272 B0 05			jcs l_0D4F
  3975 3274 A9 14			lda #$14
  3976 3276 8D 04 34			sta ENEMYSPAWNTIMER
  3977 3279			l_0D4F
  3978 3279			l_0D2E
  3979
  3980 				; optimize OK (P:\_MADPascal_\GeminiShooter\GeminiShooter.pas), line = 817
  3981
  3982 3279 AD 1F 34			lda FRAMECOUNTER
  3983 327C 29 01			and #$01
  3984 327E D0 03			jne l_0D6C
  3985
  3986 				; optimize FAIL ('UPDATESTARS', P:\_MADPascal_\GeminiShooter\GeminiShooter.pas), line = 818
  3987
  3988 3280 20 ED 28			jsr UPDATESTARS
  3989 3283			l_0D6C
  3990
  3991 				; optimize OK (P:\_MADPascal_\GeminiShooter\GeminiShooter.pas), line = 821
  3992
  3993 3283 AD C6 02			lda ATARI.COLOR2
  3994 3286 F0 05			jeq l_0D82
  3995
  3996 				; optimize OK (P:\_MADPascal_\GeminiShooter\GeminiShooter.pas), line = 822
  3997
  3998 3288 A9 00			lda #$00
  3999 328A 8D C6 02			sta ATARI.COLOR2
  4000 328D			l_0D82
  4001
  4002 				; optimize FAIL ('DRAWHUD', P:\_MADPascal_\GeminiShooter\GeminiShooter.pas), line = 825
  4003
  4004 328D 20 28 2E			jsr DRAWHUD
  4005
  4006 				; optimize OK (P:\_MADPascal_\GeminiShooter\GeminiShooter.pas), line = 828
  4007
  4008 3290 AD ED 33			lda LIVES
  4009 3293 D0 0A			jne l_0D9C
  4010
  4011 				; optimize OK (P:\_MADPascal_\GeminiShooter\GeminiShooter.pas), line = 829
  4012
  4013 3295 A9 01			lda #$01
  4014 3297 8D EA 33			sta GAMEOVER
  4015
  4016 				; optimize OK (P:\_MADPascal_\GeminiShooter\GeminiShooter.pas), line = 830
  4017
  4018 329A A9 00			lda #$00
  4019 329C 8D E9 33			sta GAMERUNNING
  4020 329F			l_0D9C
  4021
  4022 				; optimize OK (P:\_MADPascal_\GeminiShooter\GeminiShooter.pas), line = 834
  4023
  4024 329F A9 64			lda #$64
  4025 32A1 85 8C			sta @WORD.DIV.B
  4026 32A3 A9 00			lda #$00
  4027 32A5 85 8D			sta @WORD.DIV.B+1
  4028 32A7 AD EB 33			lda SCORE
  4029 32AA 85 84			sta @WORD.DIV.A
  4030 32AC AD EC 33			lda SCORE+1
  4031 32AF 85 85			sta @WORD.DIV.A+1
  4032 32B1 20 3A 22			jsr @WORD.DIV
  4033 32B4 A9 01			lda #$01
  4034 32B6 18 65 84			add :eax
  4035 32B9 8D EF 33			sta LEVEL
  4036
  4037 				; optimize OK (P:\_MADPascal_\GeminiShooter\GeminiShooter.pas), line = 835
  4038
  4039 32BC C9 0B			cmp #$0B
  4040 32BE 90 05			jcc l_0DC6
  4041 32C0 A9 0A			lda #$0A
  4042 32C2 8D EF 33			sta LEVEL
  4043 32C5			l_0DC6
  4044
  4045 				; optimize FAIL ('SYSTEM.PAUSE.@00', P:\_MADPascal_\GeminiShooter\GeminiShooter.pas), line = 838
  4046
  4047 32C5 20 F2 23			jsr SYSTEM.PAUSE.@00
  4048 32C8			l_0D07
  4049
  4050 				; optimize OK (P:\_MADPascal_\GeminiShooter\GeminiShooter.pas), line = 790
  4051
  4052 32C8 AD E9 33			lda GAMERUNNING
  4053 32CB F0 03 4C 35 32		jne l_0D08
  4054
  4055 32D0			@exit
  4056 					.ifdef @new
  4057 					lda <@VarData
  4058 					sta :ztmp
  4059 					lda >@VarData
  4060 					ldy #@VarDataSize-1
  4061 					jmp @FreeMem
  4062 					els
  4063 32D0 60				rts						; ret
  4064 					eif
  4065 				.endl
  4066 32D1			l_00DE
  4067
  4068 				; optimize FAIL ('SYSTEM.RANDOMIZE', P:\_MADPascal_\GeminiShooter\GeminiShooter.pas), line = 847
  4069
  4070 32D1 20 FD 23			jsr SYSTEM.RANDOMIZE
  4071
  4072 				; optimize OK (P:\_MADPascal_\GeminiShooter\GeminiShooter.pas), line = 850
  4073
  4074 32D4 A9 01			lda #$01
  4075 32D6 8D F0 02			sta $02F0
  4076
  4077 				; optimize OK (P:\_MADPascal_\GeminiShooter\GeminiShooter.pas), line = 853
  4078
  4079 32D9 A9 0E			lda #$0E
  4080 32DB 8D C4 02			sta ATARI.COLOR0
  4081
  4082 				; optimize OK (P:\_MADPascal_\GeminiShooter\GeminiShooter.pas), line = 854
  4083
  4084 32DE A9 46			lda #$46
  4085 32E0 8D C5 02			sta ATARI.COLOR1
  4086
  4087 				; optimize OK (P:\_MADPascal_\GeminiShooter\GeminiShooter.pas), line = 855
  4088
  4089 32E3 A9 00			lda #$00
  4090 32E5 8D C6 02			sta ATARI.COLOR2
  4091
  4092 				; optimize OK (P:\_MADPascal_\GeminiShooter\GeminiShooter.pas), line = 856
  4093
  4094 32E8 A9 96			lda #$96
  4095 32EA 8D C7 02			sta ATARI.COLOR3
  4096
  4097 				; optimize OK (P:\_MADPascal_\GeminiShooter\GeminiShooter.pas), line = 857
  4098
  4099 32ED A9 00			lda #$00
  4100 32EF 8D C8 02			sta ATARI.COLOR4
  4101
  4102 				; optimize FAIL ('INITDLICOLORS', P:\_MADPascal_\GeminiShooter\GeminiShooter.pas), line = 860
  4103
  4104 32F2 20 43 26			jsr INITDLICOLORS
  4105
  4106 				; optimize FAIL ('INITDISPLAYLIST', P:\_MADPascal_\GeminiShooter\GeminiShooter.pas), line = 863
  4107
  4108 32F5 20 80 26			jsr INITDISPLAYLIST
  4109
  4110 				; optimize FAIL ('INITPMG', P:\_MADPascal_\GeminiShooter\GeminiShooter.pas), line = 866
  4111
  4112 32F8 20 E6 26			jsr INITPMG
  4113
  4114 32FB AD 00 02			lda VDSLST
  4115 32FE 8D 3B 34			sta OLDDLI
  4116 3301 AD 01 02			lda VDSLST+1
  4117 3304 8D 3C 34			sta OLDDLI+1
  4118
  4119 3307 AD 24 02			lda VVBLKD
  4120 330A 8D 3D 34			sta OLDVBL
  4121 330D AD 25 02			lda VVBLKD+1
  4122 3310 8D 3E 34			sta OLDVBL+1
  4123
  4124 				; optimize OK (P:\_MADPascal_\GeminiShooter\GeminiShooter.pas), line = 873
  4125
  4126 3313 A9 FD 8D 00 02		mva <DLIHANDLER VDSLST
  4127 3318 A9 25 8D 01 02		mva >DLIHANDLER VDSLST+1
  4128
  4129 				; optimize OK (P:\_MADPascal_\GeminiShooter\GeminiShooter.pas), line = 874
  4130
  4131 331D A9 1B			lda <VBLHANDLER
  4132 331F A0 05			ldy #5
  4133 3321 8D 0A D4			sta wsync
  4134 3324 88				dey
  4135 3325 D0 FD			rne
  4136 3327 8D 24 02			sta VVBLKD
  4137 332A A9 26			lda >VBLHANDLER
  4138 332C 8D 25 02			sta VVBLKD+1
  4139
  4140 				; optimize OK (P:\_MADPascal_\GeminiShooter\GeminiShooter.pas), line = 877
  4141
  4142 332F A9 C0			lda #$C0
  4143 3331 8D 0E D4			sta $D40E
  4144
  4145 				; --- RepeatUntilProlog
  4146 3334			l_0DF4
  4147
  4148 				; optimize FAIL ('TITLESCREEN', P:\_MADPascal_\GeminiShooter\GeminiShooter.pas), line = 881
  4149
  4150 3334 20 31 2F			jsr TITLESCREEN
  4151
  4152 				; optimize FAIL ('INITGAME', P:\_MADPascal_\GeminiShooter\GeminiShooter.pas), line = 882
  4153
  4154 3337 20 CE 29			jsr INITGAME
  4155
  4156 				; optimize FAIL ('GAMELOOP', P:\_MADPascal_\GeminiShooter\GeminiShooter.pas), line = 883
  4157
  4158 333A 20 32 32			jsr GAMELOOP
  4159
  4160 				; optimize OK (P:\_MADPascal_\GeminiShooter\GeminiShooter.pas), line = 885
  4161
  4162 333D AD EA 33			lda GAMEOVER
  4163 3340 F0 03			jeq l_0E03
  4164
  4165 				; optimize FAIL ('GAMEOVERSCREEN', P:\_MADPascal_\GeminiShooter\GeminiShooter.pas), line = 886
  4166
  4167 3342 20 A4 30			jsr GAMEOVERSCREEN
  4168 3345			l_0E03
  4169
  4170 				; optimize OK (P:\_MADPascal_\GeminiShooter\GeminiShooter.pas), line = 887
  4171
  4172 3345 4C 34 33			jmp l_0DF4
  4173
  4174 				; optimize OK (P:\_MADPascal_\GeminiShooter\GeminiShooter.pas), line = 890
  4175
  4176 3348 AD 3D 34			lda OLDVBL
  4177 334B A0 05			ldy #5
  4178 334D 8D 0A D4			sta wsync
  4179 3350 88				dey
  4180 3351 D0 FD			rne
  4181 3353 8D 24 02			sta VVBLKD
  4182 3356 AD 3E 34			lda OLDVBL+1
  4183 3359 8D 25 02			sta VVBLKD+1
  4184
  4185 				; optimize OK (P:\_MADPascal_\GeminiShooter\GeminiShooter.pas), line = 891
  4186
  4187 335C AD 3B 34 8D 00 02		mva OLDDLI VDSLST
  4188 3362 AD 3C 34 8D 01 02		mva OLDDLI+1 VDSLST+1
  4189
  4190 				; optimize OK (P:\_MADPascal_\GeminiShooter\GeminiShooter.pas), line = 894
  4191
  4192 3368 A9 40			lda #$40
  4193 336A 8D 0E D4			sta $D40E
  4194
  4195 				; optimize FAIL ('B_PMG.PMG_DISABLE', P:\_MADPascal_\GeminiShooter\GeminiShooter.pas), line = 897
  4196
  4197 336D 20 39 25			jsr B_PMG.PMG_DISABLE
  4198
  4199 				; ------------------------------------------------------------
  4200
  4201 = 0028			SCREEN_WIDTH	= $28
  4202 = 0018			SCREEN_HEIGHT	= $18
  4203 = A000			PMG_BASE	= $A000
  4204 = 20DA			adr.PLAYER_SHIP	= CODEORIGIN+$00DA
  4205 3370			.var PLAYER_SHIP	= adr.PLAYER_SHIP .word
  4206 = 20E2			adr.ENEMY_SHIP	= CODEORIGIN+$00E2
  4207 3370			.var ENEMY_SHIP	= adr.ENEMY_SHIP .word
  4208 = 00C0			MISSILE_SHAPE	= $C0
  4209 = 00C0			ENEMY_BULLET	= $C0
  4210 = 20EA			adr.EXPLOSION	= CODEORIGIN+$00EA
  4211 3370			.var EXPLOSION	= adr.EXPLOSION .word
  4212 = 0003			MAX_ENEMIES	= $03
  4213 = 0008			MAX_STARS	= $08
  4214 = 0080			PLAYER_START_X	= $80
  4215 = 00B4			PLAYER_Y	= $B4
  4216 = 0028			ENEMY_SPAWN_Y	= $28
  4217 = 000E			COLOR_PLAYER	= $0E
  4218 = 0044			COLOR_ENEMY1	= $44
  4219 = 00C6			COLOR_ENEMY2	= $C6
  4220 = 001E			COLOR_MISSILE	= $1E
  4221 = 000A			COLOR_STAR	= $0A
  4222 = 0000			COLOR_BACKGROUND	= $00
  4223 = 0064			SND_SHOOT	= $64
  4224 = 00C8			SND_EXPLOSION	= $C8
  4225 = 0032			SND_MEGABOMB	= $32
  4226 = 0000			ES_NONE	= $00
  4227 = 0001			ES_ALIVE	= $01
  4228 = 0002			ES_EXPLODING	= $02
  4229 = 33E9			GAMERUNNING	= DATAORIGIN+$0031
  4230 = 33EA			GAMEOVER	= DATAORIGIN+$0032
  4231 = 33EB			SCORE	= DATAORIGIN+$0033
  4232 = 33ED			LIVES	= DATAORIGIN+$0035
  4233 = 33EE			MEGABOMBS	= DATAORIGIN+$0036
  4234 = 33EF			LEVEL	= DATAORIGIN+$0037
  4235 = 33F0			PLAYERX	= DATAORIGIN+$0038
  4236 = 33F1			PLAYERY	= DATAORIGIN+$0039
  4237 = 33F2			PLAYERMISSILEACTIVE	= DATAORIGIN+$003A
  4238 = 33F3			PLAYERMISSILEX	= DATAORIGIN+$003B
  4239 = 33F4			PLAYERMISSILEY	= DATAORIGIN+$003C
  4240 = 33F5			adr.ENEMYX	= [DATAORIGIN+$003D] .array [3]
  4241 3370			.var ENEMYX	= adr.ENEMYX .word
  4242 = 33F8			adr.ENEMYY	= [DATAORIGIN+$0040] .array [3]
  4243 3370			.var ENEMYY	= adr.ENEMYY .word
  4244 = 33FB			adr.ENEMYDX	= [DATAORIGIN+$0043] .array [3]
  4245 3370			.var ENEMYDX	= adr.ENEMYDX .word
  4246 = 33FE			adr.ENEMYSTATE	= [DATAORIGIN+$0046] .array [3]
  4247 3370			.var ENEMYSTATE	= adr.ENEMYSTATE .word
  4248 = 3401			adr.ENEMYEXPLODETIMER	= [DATAORIGIN+$0049] .array [3]
  4249 3370			.var ENEMYEXPLODETIMER	= adr.ENEMYEXPLODETIMER .word
  4250 = 3404			ENEMYSPAWNTIMER	= DATAORIGIN+$004C
  4251 = 3405			adr.STARX	= [DATAORIGIN+$004D] .array [8]
  4252 3370			.var STARX	= adr.STARX .word
  4253 = 340D			adr.STARY	= [DATAORIGIN+$0055] .array [8]
  4254 3370			.var STARY	= adr.STARY .word
  4255 = 3415			adr.STARSPEED	= [DATAORIGIN+$005D] .array [8]
  4256 3370			.var STARSPEED	= adr.STARSPEED .word
  4257 = A800			adr.DISPLAYLIST	= $A800
  4258 3370			.var DISPLAYLIST	= adr.DISPLAYLIST .word
  4259 = 341D			SCREENMEM	= DATAORIGIN+$0065
  4260 = 341F			FRAMECOUNTER	= DATAORIGIN+$0067
  4261 = 3420			SOUNDTIMER	= DATAORIGIN+$0068
  4262 = 3421			adr.DLICOLORS	= [DATAORIGIN+$0069] .array [24]
  4263 3370			.var DLICOLORS	= adr.DLICOLORS .word
  4264 = 3439			DLILINE	= DATAORIGIN+$0081
  4265 = 343A			LASTTRIGGER	= DATAORIGIN+$0082
  4266 = 343B			OLDDLI	= DATAORIGIN+$0083
  4267 = 343D			OLDVBL	= DATAORIGIN+$0085
  4268 3370			@exit
  4269
  4270 3370 A2 00		@halt	ldx #$00
  4271 3372 9A				txs
  4272
  4273 					.ifdef MAIN.@DEFINES.ROMOFF
  4274 					inc portb
  4275 					.fi
  4276
  4277 3373 A0 01			ldy #$01
  4278
  4279 3375 60				rts
  4280
  4281 				; ------------------------------------------------------------
  4282
  4283 3376			.local	@DEFINES
  4284 3376			ATARI
  4285 3376			CPU_6502
  4286 				.endl
  4287
  4288 3376			.local	@RESOURCE
  4289 				.endl
  4290
  4291 = 3376 DA 20		PLAYER_SHIP
  4291 = 3378 E2 20		ENEMY_SHIP
  4291 = 337A EA 20		EXPLOSION
  4291 = 337C F5 33		ENEMYX
  4291 = 337E F8 33		ENEMYY
  4291 = 3380 FB 33		ENEMYDX
  4291 = 3382 FE 33		ENEMYSTATE
  4291 = 3384 01 34		ENEMYEXPLODETIMER
  4291 = 3386 05 34		STARX
  4291 = 3388 0D 34		STARY
  4291 = 338A 15 34		STARSPEED
  4291 = 338C 00 A8		DISPLAYLIST
  4291 = 338E 21 34		DLICOLORS
  4291 				.endl							; MAIN
  4292
  4293 				; ------------------------------------------------------------
  4294 				; ------------------------------------------------------------
  4295
  4296 				.macro	UNITINITIALIZATION
  4297 				
  4298 					.ifdef MAIN.SYSTEM.@UnitInit
  4299 					jsr MAIN.SYSTEM.@UnitInit
  4300 					.fi
  4301 				
  4302 					.ifdef MAIN.ATARI.@UnitInit
  4303 					jsr MAIN.ATARI.@UnitInit
  4304 					.fi
  4305 				
  4306 					.ifdef MAIN.CRT.@UnitInit
  4307 					jsr MAIN.CRT.@UnitInit
  4308 					.fi
  4309 				
  4310 					.ifdef MAIN.B_PMG.@UnitInit
  4311 					jsr MAIN.B_PMG.@UnitInit
  4312 					.fi
  4313 				
  4314 					.ifdef MAIN.B_DL.@UnitInit
  4315 					jsr MAIN.B_DL.@UnitInit
  4316 					.fi
  4317 				
  4318 					.ifdef MAIN.JOYSTICK.@UnitInit
  4319 					jsr MAIN.JOYSTICK.@UnitInit
  4320 					.fi
  4321 				
  4322 					.ifdef MAIN.DOS.@UnitInit
  4323 					jsr MAIN.DOS.@UnitInit
  4324 					.fi
  4325 				
  4326 					.ifdef MAIN.STRUTILS.@UnitInit
  4327 					jsr MAIN.STRUTILS.@UnitInit
  4328 					.fi
  4329 				
  4330 					.ifdef MAIN.SYSUTILS.@UnitInit
  4331 					jsr MAIN.SYSUTILS.@UnitInit
  4332 					.fi
  4333 				.endm
  4334
  4335 				; ------------------------------------------------------------
  4336
  4337 					ift .SIZEOF(MAIN.SYSTEM) > 0
  4338 					.print 'SYSTEM: ',MAIN.SYSTEM,'..',MAIN.SYSTEM+.SIZEOF(MAIN.SYSTEM)-1
  4338 				SYSTEM: $2394..$2426
  4339 					eif
  4340
  4341 					ift .SIZEOF(MAIN.ATARI) > 0
  4342 					.print 'ATARI: ',MAIN.ATARI,'..',MAIN.ATARI+.SIZEOF(MAIN.ATARI)-1
  4343 					eif
  4344
  4345 					ift .SIZEOF(MAIN.CRT) > 0
  4346 					.print 'CRT: ',MAIN.CRT,'..',MAIN.CRT+.SIZEOF(MAIN.CRT)-1
  4346 				CRT: $2427..$24D0
  4347 					eif
  4348
  4349 					ift .SIZEOF(MAIN.B_PMG) > 0
  4350 					.print 'B_PMG: ',MAIN.B_PMG,'..',MAIN.B_PMG+.SIZEOF(MAIN.B_PMG)-1
  4350 				B_PMG: $24D1..$255A
  4351 					eif
  4352
  4353 					ift .SIZEOF(MAIN.B_DL) > 0
  4354 					.print 'B_DL: ',MAIN.B_DL,'..',MAIN.B_DL+.SIZEOF(MAIN.B_DL)-1
  4354 				B_DL: $255B..$25B8
  4355 					eif
  4356
  4357 					ift .SIZEOF(MAIN.JOYSTICK) > 0
  4358 					.print 'JOYSTICK: ',MAIN.JOYSTICK,'..',MAIN.JOYSTICK+.SIZEOF(MAIN.JOYSTICK)-1
  4358 				JOYSTICK: $25B9..$25C0
  4359 					eif
  4360
  4361 					ift .SIZEOF(MAIN.DOS) > 0
  4362 					.print 'DOS: ',MAIN.DOS,'..',MAIN.DOS+.SIZEOF(MAIN.DOS)-1
  4363 					eif
  4364
  4365 					ift .SIZEOF(MAIN.STRUTILS) > 0
  4366 					.print 'STRUTILS: ',MAIN.STRUTILS,'..',MAIN.STRUTILS+.SIZEOF(MAIN.STRUTILS)-1
  4367 					eif
  4368
  4369 					ift .SIZEOF(MAIN.SYSUTILS) > 0
  4370 					.print 'SYSUTILS: ',MAIN.SYSUTILS,'..',MAIN.SYSUTILS+.SIZEOF(MAIN.SYSUTILS)-1
  4371 					eif
  4372
  4373 				.nowarn	.print 'CODE: ',CODEORIGIN,'..',MAIN.@RESOURCE-1
  4373 				CODE: $2000..$3375
  4374
  4375 					ift .SIZEOF(MAIN.@RESOURCE)>0
  4376 				.nowarn	.print 'RESOURCE: ',MAIN.@RESOURCE,'..',MAIN.@RESOURCE+.SIZEOF(MAIN.@RESOURCE)-1
  4377 					eif
  4378
  4379 3390			@end
  4380
  4381 				.nowarn	.print 'VARS: ',MAIN.@RESOURCE+.SIZEOF(MAIN.@RESOURCE),'..',@end-1
  4381 				VARS: $3376..$338F
  4382
  4383 				; ------------------------------------------------------------
  4384
  4385 = 3390				?adr = *
  4386 					ift (?adr < ?old_adr) && (?old_adr - ?adr < $120)
  4387 = 33B8				?adr = ?old_adr
  4388 					eif
  4389
  4390 					org ?adr
  4391 = 33B8				?old_adr = *
  4392
  4393 33B8			DATAORIGIN
  4394 33B8-33DD> 2D 0C 00 00 + .by  $2D $0C $00 $00 $00 $28 $00 $18  $00 $00 $00 $00 $00 $00 $00 $00  $00 $00 $00 $00 $00 $00 $00 $00
  4395 33D0 00 00 00 00 00 00 + .by  $00 $00 $00 $00 $00 $00 $00 $00  $00 $00 $00 $00 $00 $0E
  4396
  4397 = 0026			VARINITSIZE	= *-DATAORIGIN
  4398 = 00D1			VARDATASIZE	= 209
  4399
  4400 = 3489			PROGRAMSTACK	= DATAORIGIN+VARDATASIZE
  4401
  4402 					.print 'DATA: ',DATAORIGIN,'..',PROGRAMSTACK
  4402 				DATA: $33B8..$3489
  4403
  4404 					ert DATAORIGIN<@end,'DATA memory overlap'
  4405
  4406 02E0-02E1> 6D 23			run START
  4407
  4408 				; ------------------------------------------------------------
  4409
  4410 				.macro	STATICDATA
  4411 				.by  $04 $54 $52 $55 $45 $05 $46 $41  $4C $53 $45 $06 $33 $23 $2F $32  $25 $1A $06 $2C $29 $36 $25 $33
  4412 				.by  $1A $06 $22 $2F $2D $22 $33 $1A  $0E $27 $25 $2D $29 $2E $29 $00  $33 $28 $2F $2F $34 $25 $32 $17
  4413 				.by  $21 $29 $0D $27 $25 $2E $25 $32  $21 $34 $25 $24 $00 $21 $34 $21  $32 $29 $00 $27 $21 $2D $25 $13
  4414 				.by  $2A $2F $39 $33 $34 $29 $23 $2B  $1A $00 $2D $2F $36 $25 $00 $33  $28 $29 $30 $14 $22 $35 $34 $34
  4415 				.by  $2F $2E $1A $00 $26 $29 $32 $25  $00 $2D $29 $33 $33 $29 $2C $25  $11 $33 $30 $21 $23 $25 $0F $2D
  4416 				.by  $1A $00 $2D $25 $27 $21 $22 $2F  $2D $22 $13 $30 $32 $25 $33 $33  $00 $26 $29 $32 $25 $00 $34 $2F
  4417 				.by  $00 $33 $34 $21 $32 $34 $18 $29  $2E $33 $30 $29 $32 $25 $24 $00  $22 $39 $00 $27 $25 $2D $29 $2E
  4418 				.by  $29 $00 $13 $00 $30 $32 $2F $09  $27 $21 $2D $25 $00 $2F $36 $25  $32 $0D $26 $29 $2E $21 $2C $00
  4419 				.by  $33 $23 $2F $32 $25 $1A $00 $12  $30 $32 $25 $33 $33 $00 $26 $29  $32 $25 $00 $34 $2F $00 $30 $2C
  4420 				.by  $21 $39 $18 $3C $7E $FF $DB $7E  $24 $66 $81 $C3 $66 $3C $7E $FF  $5A $24 $92 $49 $3C $FF $FF $3C
  4421 				.by  $49 $92
  4422 				.endm
  4423
  4424 					end
